-- phpMyAdmin SQL Dump
-- version 4.6.6deb5
-- https://www.phpmyadmin.net/
--
-- Host: localhost:3306
-- Generation Time: Oct 07, 2019 at 08:28 AM
-- Server version: 5.7.27-0ubuntu0.18.04.1
-- PHP Version: 7.2.19-0ubuntu0.18.04.2

SET SQL_MODE = "NO_AUTO_VALUE_ON_ZERO";
SET time_zone = "+00:00";


/*!40101 SET @OLD_CHARACTER_SET_CLIENT=@@CHARACTER_SET_CLIENT */;
/*!40101 SET @OLD_CHARACTER_SET_RESULTS=@@CHARACTER_SET_RESULTS */;
/*!40101 SET @OLD_COLLATION_CONNECTION=@@COLLATION_CONNECTION */;
/*!40101 SET NAMES utf8mb4 */;

--
-- Database: `db_rsj_nomorsurat`
--

-- --------------------------------------------------------

--
-- Table structure for table `bagian_pengguna`
--

CREATE TABLE `bagian_pengguna` (
  `id` int(11) NOT NULL,
  `created_at` datetime DEFAULT NULL,
  `modified_at` datetime DEFAULT NULL,
  `deleted_at` datetime DEFAULT NULL,
  `nama` varchar(16) COLLATE utf8_unicode_ci NOT NULL,
  `keterangan` text COLLATE utf8_unicode_ci,
  `id_level_pengguna` int(11) NOT NULL
) ENGINE=InnoDB DEFAULT CHARSET=utf8 COLLATE=utf8_unicode_ci;

--
-- Dumping data for table `bagian_pengguna`
--

INSERT INTO `bagian_pengguna` (`id`, `created_at`, `modified_at`, `deleted_at`, `nama`, `keterangan`, `id_level_pengguna`) VALUES
(1, '2019-07-08 21:46:42', NULL, NULL, 'Kepegawaian', '', 2),
(2, '2019-07-08 21:46:53', '2019-07-08 21:47:15', NULL, 'Umum', '', 2);

-- --------------------------------------------------------

--
-- Table structure for table `bagian_surat`
--

CREATE TABLE `bagian_surat` (
  `id` int(11) NOT NULL,
  `created_at` datetime DEFAULT NULL,
  `modified_at` datetime DEFAULT NULL,
  `deleted_at` datetime DEFAULT NULL,
  `kode` varchar(8) COLLATE utf8_unicode_ci NOT NULL,
  `nama` varchar(32) COLLATE utf8_unicode_ci NOT NULL,
  `keterangan` text COLLATE utf8_unicode_ci,
  `id_jenis_surat` int(11) NOT NULL
) ENGINE=InnoDB DEFAULT CHARSET=utf8 COLLATE=utf8_unicode_ci;

--
-- Dumping data for table `bagian_surat`
--

INSERT INTO `bagian_surat` (`id`, `created_at`, `modified_at`, `deleted_at`, `kode`, `nama`, `keterangan`, `id_jenis_surat`) VALUES
(1, '2019-07-08 19:39:56', '2019-07-08 19:40:35', NULL, '001', 'Kepegawaian', '', 1),
(2, '2019-07-08 19:40:53', NULL, NULL, '002', 'Umum', '', 1),
(3, '2019-07-08 19:41:25', NULL, NULL, '001', 'Kepegawaian', '', 2),
(4, '2019-07-08 19:41:34', NULL, NULL, '002', 'Umum', '', 2),
(5, '2019-07-08 19:41:48', NULL, NULL, '001', 'Kepegawaian', '', 3),
(6, '2019-07-08 19:41:57', NULL, NULL, '002', 'Umum', '', 3),
(7, '2019-07-12 18:41:46', NULL, NULL, '001', 'Kepegawaian', '', 4),
(8, '2019-07-12 18:41:56', NULL, NULL, '002', 'Umum', '', 4),
(9, '2019-07-12 19:59:03', '2019-07-12 19:59:18', '2019-07-12 19:59:23', '003', 'DLL', 'asdf', 1),
(10, '2019-07-12 19:59:38', '2019-07-12 19:59:44', '2019-07-12 19:59:48', '003', 'DLL', 'asdf', 2),
(11, '2019-07-12 20:00:06', '2019-07-12 20:00:11', '2019-07-12 20:00:13', '003', 'DLL', 'asdf', 3),
(12, '2019-07-12 20:00:22', '2019-07-12 20:00:27', '2019-07-12 20:00:30', '003', 'DLL', 'asdf', 4),
(13, NULL, NULL, '2019-07-15 09:03:47', '003', 'ASDF1', NULL, 4),
(14, NULL, NULL, '2019-07-15 09:03:43', '004', 'ASDF2', NULL, 4),
(15, NULL, NULL, '2019-07-15 09:03:40', '005', 'ASDF3', NULL, 4),
(16, NULL, NULL, '2019-07-15 09:03:38', '006', 'ASDF4', NULL, 4),
(17, NULL, NULL, '2019-07-15 09:03:36', '007', 'ASDF5', NULL, 4),
(18, NULL, NULL, '2019-07-15 09:03:34', '008', 'ASDF6', NULL, 4),
(19, NULL, NULL, '2019-07-15 09:03:31', '009', 'ASDF7', NULL, 4),
(20, NULL, NULL, '2019-07-15 09:06:24', '003', 'ASDF1', NULL, 3),
(21, NULL, NULL, '2019-07-15 09:06:21', '004', 'ASDF2', NULL, 3),
(22, NULL, NULL, '2019-07-15 09:06:19', '005', 'ASDF3', NULL, 3),
(23, NULL, NULL, '2019-07-15 09:06:17', '006', 'ASDF4', NULL, 3),
(24, NULL, NULL, '2019-07-15 09:06:15', '007', 'ASDF5', NULL, 3),
(25, NULL, NULL, '2019-07-15 09:06:13', '008', 'ASDF6', NULL, 3),
(26, NULL, NULL, '2019-07-15 09:06:11', '009', 'ASDF7', NULL, 3),
(27, NULL, NULL, '2019-07-15 09:06:54', '003', 'ASDF1', NULL, 1),
(28, NULL, NULL, '2019-07-15 09:06:58', '004', 'ASDF2', NULL, 1),
(29, NULL, NULL, '2019-07-15 09:06:48', '005', 'ASDF3', NULL, 1),
(30, NULL, NULL, '2019-07-15 09:06:46', '006', 'ASDF4', NULL, 1),
(31, NULL, NULL, '2019-07-15 09:06:43', '007', 'ASDF5', NULL, 1),
(32, NULL, NULL, '2019-07-15 09:06:41', '008', 'ASDF6', NULL, 1),
(33, NULL, NULL, '2019-07-15 09:06:39', '009', 'ASDF7', NULL, 1),
(34, NULL, NULL, '2019-07-15 09:07:24', '003', 'ASDF1', NULL, 2),
(35, NULL, NULL, '2019-07-15 09:07:22', '004', 'ASDF2', NULL, 2),
(36, NULL, NULL, '2019-07-15 09:07:20', '005', 'ASDF3', NULL, 2),
(37, NULL, NULL, '2019-07-15 09:07:18', '006', 'ASDF4', NULL, 2),
(38, NULL, NULL, '2019-07-15 09:07:16', '007', 'ASDF5', NULL, 2),
(39, NULL, NULL, '2019-07-15 09:07:14', '008', 'ASDF6', NULL, 2),
(40, NULL, NULL, '2019-07-15 09:07:11', '009', 'ASDF7', NULL, 2),
(133, '2019-08-07 08:17:23', NULL, NULL, '001', 'Kepegawaian', '', 0),
(134, '2019-08-07 08:17:33', NULL, NULL, '002', 'Umum', '', 0),
(135, '2019-08-07 08:21:07', NULL, NULL, '003', 'DLL', '', 0);

-- --------------------------------------------------------

--
-- Table structure for table `ci_sessions`
--

CREATE TABLE `ci_sessions` (
  `id` varchar(128) COLLATE utf8_unicode_ci NOT NULL,
  `ip_address` varchar(45) COLLATE utf8_unicode_ci NOT NULL,
  `timestamp` int(10) UNSIGNED NOT NULL DEFAULT '0',
  `data` blob NOT NULL
) ENGINE=InnoDB DEFAULT CHARSET=utf8 COLLATE=utf8_unicode_ci;

--
-- Dumping data for table `ci_sessions`
--

INSERT INTO `ci_sessions` (`id`, `ip_address`, `timestamp`, `data`) VALUES
('ngj4vdlqeaigbs0c1r6sb1ieooff16sk', '::1', 1562575151, 0x5f5f63695f6c6173745f726567656e65726174657c693a313536323537353135313b),
('frj4f2vek6raiscp0aad53nmo9p0adoo', '::1', 1562576282, 0x5f5f63695f6c6173745f726567656e65726174657c693a313536323537363238323b7573657253657373696f6e7c613a393a7b733a323a226964223b733a313a2231223b733a333a226e6970223b733a31303a2231313337303130303534223b733a31313a22646973706c61794e616d65223b733a31333a2253616e6469204d756c79616469223b733a31343a22646973706c617950696374757265223b4e3b733a353a22656d61696c223b733a32323a2273616e64696d766c7961646940676d61696c2e636f6d223b733a363a226b6f6e74616b223b733a31323a22303837373230363134303030223b733a363a22616c616d6174223b4e3b733a353a226c6576656c223b733a353a2241444d494e223b733a353a22746f6b656e223b733a34303a2233656166666365383638393631303461666538363662383934303561653866653339313430396132223b7d),
('cpejg7ai4bappn37i6jbmemqlljij92j', '::1', 1562578346, 0x5f5f63695f6c6173745f726567656e65726174657c693a313536323537383334363b7573657253657373696f6e7c613a393a7b733a323a226964223b733a313a2231223b733a333a226e6970223b733a31303a2231313337303130303534223b733a31313a22646973706c61794e616d65223b733a31333a2253616e6469204d756c79616469223b733a31343a22646973706c617950696374757265223b4e3b733a353a22656d61696c223b733a32323a2273616e64696d766c7961646940676d61696c2e636f6d223b733a363a226b6f6e74616b223b733a31323a22303837373230363134303030223b733a363a22616c616d6174223b4e3b733a353a226c6576656c223b733a353a2241444d494e223b733a353a22746f6b656e223b733a34303a2233656166666365383638393631303461666538363662383934303561653866653339313430396132223b7d),
('temuflo58dppfdaltoel5ssmhlarcuhm', '::1', 1562580120, 0x5f5f63695f6c6173745f726567656e65726174657c693a313536323538303132303b7573657253657373696f6e7c613a393a7b733a323a226964223b733a313a2231223b733a333a226e6970223b733a31303a2231313337303130303534223b733a31313a22646973706c61794e616d65223b733a31333a2253616e6469204d756c79616469223b733a31343a22646973706c617950696374757265223b4e3b733a353a22656d61696c223b733a32323a2273616e64696d766c7961646940676d61696c2e636f6d223b733a363a226b6f6e74616b223b733a31323a22303837373230363134303030223b733a363a22616c616d6174223b4e3b733a353a226c6576656c223b733a353a2241444d494e223b733a353a22746f6b656e223b733a34303a2233656166666365383638393631303461666538363662383934303561653866653339313430396132223b7d),
('8tp719spdspti6vrm6139m7af82s5qq3', '::1', 1562580482, 0x5f5f63695f6c6173745f726567656e65726174657c693a313536323538303438323b7573657253657373696f6e7c613a393a7b733a323a226964223b733a313a2231223b733a333a226e6970223b733a31303a2231313337303130303534223b733a31313a22646973706c61794e616d65223b733a31333a2253616e6469204d756c79616469223b733a31343a22646973706c617950696374757265223b4e3b733a353a22656d61696c223b733a32323a2273616e64696d766c7961646940676d61696c2e636f6d223b733a363a226b6f6e74616b223b733a31323a22303837373230363134303030223b733a363a22616c616d6174223b4e3b733a353a226c6576656c223b733a353a2241444d494e223b733a353a22746f6b656e223b733a34303a2233656166666365383638393631303461666538363662383934303561653866653339313430396132223b7d),
('2uajfhas32srul678nghdqcs7ci35g1s', '::1', 1562582639, 0x5f5f63695f6c6173745f726567656e65726174657c693a313536323538323633393b7573657253657373696f6e7c613a393a7b733a323a226964223b733a313a2231223b733a333a226e6970223b733a31303a2231313337303130303534223b733a31313a22646973706c61794e616d65223b733a31333a2253616e6469204d756c79616469223b733a31343a22646973706c617950696374757265223b4e3b733a353a22656d61696c223b733a32323a2273616e64696d766c7961646940676d61696c2e636f6d223b733a363a226b6f6e74616b223b733a31323a22303837373230363134303030223b733a363a22616c616d6174223b4e3b733a353a226c6576656c223b733a353a2241444d494e223b733a353a22746f6b656e223b733a34303a2233656166666365383638393631303461666538363662383934303561653866653339313430396132223b7d),
('931dlrv829m5qm66ps4dhh93qbjp83fl', '::1', 1562587849, 0x5f5f63695f6c6173745f726567656e65726174657c693a313536323538373834393b7573657253657373696f6e7c613a393a7b733a323a226964223b733a313a2231223b733a333a226e6970223b733a31303a2231313337303130303534223b733a31313a22646973706c61794e616d65223b733a31333a2253616e6469204d756c79616469223b733a31343a22646973706c617950696374757265223b4e3b733a353a22656d61696c223b733a32323a2273616e64696d766c7961646940676d61696c2e636f6d223b733a363a226b6f6e74616b223b733a31323a22303837373230363134303030223b733a363a22616c616d6174223b4e3b733a353a226c6576656c223b733a353a2241444d494e223b733a353a22746f6b656e223b733a34303a2233656166666365383638393631303461666538363662383934303561653866653339313430396132223b7d),
('9nt4qr9lc9qs7b44jijl6r6r1poj43tr', '::1', 1562588307, 0x5f5f63695f6c6173745f726567656e65726174657c693a313536323538383330373b7573657253657373696f6e7c613a393a7b733a323a226964223b733a313a2231223b733a333a226e6970223b733a31303a2231313337303130303534223b733a31313a22646973706c61794e616d65223b733a31333a2253616e6469204d756c79616469223b733a31343a22646973706c617950696374757265223b4e3b733a353a22656d61696c223b733a32323a2273616e64696d766c7961646940676d61696c2e636f6d223b733a363a226b6f6e74616b223b733a31323a22303837373230363134303030223b733a363a22616c616d6174223b4e3b733a353a226c6576656c223b733a353a2241444d494e223b733a353a22746f6b656e223b733a34303a2233656166666365383638393631303461666538363662383934303561653866653339313430396132223b7d),
('khr4lirnenle3h6cblejf0vc6ptrkl3m', '::1', 1562589477, 0x5f5f63695f6c6173745f726567656e65726174657c693a313536323538393437373b7573657253657373696f6e7c613a393a7b733a323a226964223b733a313a2231223b733a333a226e6970223b733a31303a2231313337303130303534223b733a31313a22646973706c61794e616d65223b733a31333a2253616e6469204d756c79616469223b733a31343a22646973706c617950696374757265223b4e3b733a353a22656d61696c223b733a32323a2273616e64696d766c7961646940676d61696c2e636f6d223b733a363a226b6f6e74616b223b733a31323a22303837373230363134303030223b733a363a22616c616d6174223b4e3b733a353a226c6576656c223b733a353a2241444d494e223b733a353a22746f6b656e223b733a34303a2233656166666365383638393631303461666538363662383934303561653866653339313430396132223b7d),
('fk0v0q8ugem72km4fd6ug271mse8vckl', '::1', 1562589789, 0x5f5f63695f6c6173745f726567656e65726174657c693a313536323538393738393b7573657253657373696f6e7c613a393a7b733a323a226964223b733a313a2231223b733a333a226e6970223b733a31303a2231313337303130303534223b733a31313a22646973706c61794e616d65223b733a31333a2253616e6469204d756c79616469223b733a31343a22646973706c617950696374757265223b4e3b733a353a22656d61696c223b733a32323a2273616e64696d766c7961646940676d61696c2e636f6d223b733a363a226b6f6e74616b223b733a31323a22303837373230363134303030223b733a363a22616c616d6174223b4e3b733a353a226c6576656c223b733a353a2241444d494e223b733a353a22746f6b656e223b733a34303a2233656166666365383638393631303461666538363662383934303561653866653339313430396132223b7d),
('2sria2344k431cgn88c8egvchk7lk7c2', '::1', 1562590094, 0x5f5f63695f6c6173745f726567656e65726174657c693a313536323539303039343b7573657253657373696f6e7c613a393a7b733a323a226964223b733a313a2231223b733a333a226e6970223b733a31303a2231313337303130303534223b733a31313a22646973706c61794e616d65223b733a31333a2253616e6469204d756c79616469223b733a31343a22646973706c617950696374757265223b4e3b733a353a22656d61696c223b733a32323a2273616e64696d766c7961646940676d61696c2e636f6d223b733a363a226b6f6e74616b223b733a31323a22303837373230363134303030223b733a363a22616c616d6174223b4e3b733a353a226c6576656c223b733a353a2241444d494e223b733a353a22746f6b656e223b733a34303a2233656166666365383638393631303461666538363662383934303561653866653339313430396132223b7d),
('0dmvh3dfug5din4683j6rsbuaviuoc8a', '::1', 1562590435, 0x5f5f63695f6c6173745f726567656e65726174657c693a313536323539303433353b7573657253657373696f6e7c613a393a7b733a323a226964223b733a313a2231223b733a333a226e6970223b733a31303a2231313337303130303534223b733a31313a22646973706c61794e616d65223b733a31333a2253616e6469204d756c79616469223b733a31343a22646973706c617950696374757265223b4e3b733a353a22656d61696c223b733a32323a2273616e64696d766c7961646940676d61696c2e636f6d223b733a363a226b6f6e74616b223b733a31323a22303837373230363134303030223b733a363a22616c616d6174223b4e3b733a353a226c6576656c223b733a353a2241444d494e223b733a353a22746f6b656e223b733a34303a2233656166666365383638393631303461666538363662383934303561653866653339313430396132223b7d),
('26qva6b8c9as008m5fm8a1417ktcaas1', '::1', 1562590739, 0x5f5f63695f6c6173745f726567656e65726174657c693a313536323539303733393b7573657253657373696f6e7c613a393a7b733a323a226964223b733a313a2231223b733a333a226e6970223b733a31303a2231313337303130303534223b733a31313a22646973706c61794e616d65223b733a31333a2253616e6469204d756c79616469223b733a31343a22646973706c617950696374757265223b4e3b733a353a22656d61696c223b733a32323a2273616e64696d766c7961646940676d61696c2e636f6d223b733a363a226b6f6e74616b223b733a31323a22303837373230363134303030223b733a363a22616c616d6174223b4e3b733a353a226c6576656c223b733a353a2241444d494e223b733a353a22746f6b656e223b733a34303a2233656166666365383638393631303461666538363662383934303561653866653339313430396132223b7d),
('n410mler6a4j80pn37bcjcj16mecedg8', '::1', 1562591066, 0x5f5f63695f6c6173745f726567656e65726174657c693a313536323539313036363b7573657253657373696f6e7c613a393a7b733a323a226964223b733a313a2231223b733a333a226e6970223b733a31303a2231313337303130303534223b733a31313a22646973706c61794e616d65223b733a31333a2253616e6469204d756c79616469223b733a31343a22646973706c617950696374757265223b4e3b733a353a22656d61696c223b733a32323a2273616e64696d766c7961646940676d61696c2e636f6d223b733a363a226b6f6e74616b223b733a31323a22303837373230363134303030223b733a363a22616c616d6174223b4e3b733a353a226c6576656c223b733a353a2241444d494e223b733a353a22746f6b656e223b733a34303a2233656166666365383638393631303461666538363662383934303561653866653339313430396132223b7d),
('n1dqtse4as18s9602srrehaajugevmve', '::1', 1562591429, 0x5f5f63695f6c6173745f726567656e65726174657c693a313536323539313432393b7573657253657373696f6e7c613a393a7b733a323a226964223b733a313a2231223b733a333a226e6970223b733a31303a2231313337303130303534223b733a31313a22646973706c61794e616d65223b733a31333a2253616e6469204d756c79616469223b733a31343a22646973706c617950696374757265223b4e3b733a353a22656d61696c223b733a32323a2273616e64696d766c7961646940676d61696c2e636f6d223b733a363a226b6f6e74616b223b733a31323a22303837373230363134303030223b733a363a22616c616d6174223b4e3b733a353a226c6576656c223b733a353a2241444d494e223b733a353a22746f6b656e223b733a34303a2233656166666365383638393631303461666538363662383934303561653866653339313430396132223b7d),
('skkdtqrhikmgddsnvu8gv47tqpsdhom9', '::1', 1562591767, 0x5f5f63695f6c6173745f726567656e65726174657c693a313536323539313736373b7573657253657373696f6e7c613a393a7b733a323a226964223b733a313a2231223b733a333a226e6970223b733a31303a2231313337303130303534223b733a31313a22646973706c61794e616d65223b733a31333a2253616e6469204d756c79616469223b733a31343a22646973706c617950696374757265223b4e3b733a353a22656d61696c223b733a32323a2273616e64696d766c7961646940676d61696c2e636f6d223b733a363a226b6f6e74616b223b733a31323a22303837373230363134303030223b733a363a22616c616d6174223b4e3b733a353a226c6576656c223b733a353a2241444d494e223b733a353a22746f6b656e223b733a34303a2233656166666365383638393631303461666538363662383934303561653866653339313430396132223b7d),
('6kfps17173h160lt1jjbsfppdqf24esi', '::1', 1562592218, 0x5f5f63695f6c6173745f726567656e65726174657c693a313536323539323231383b7573657253657373696f6e7c613a393a7b733a323a226964223b733a313a2231223b733a333a226e6970223b733a31303a2231313337303130303534223b733a31313a22646973706c61794e616d65223b733a31333a2253616e6469204d756c79616469223b733a31343a22646973706c617950696374757265223b4e3b733a353a22656d61696c223b733a32323a2273616e64696d766c7961646940676d61696c2e636f6d223b733a363a226b6f6e74616b223b733a31323a22303837373230363134303030223b733a363a22616c616d6174223b4e3b733a353a226c6576656c223b733a353a2241444d494e223b733a353a22746f6b656e223b733a34303a2233656166666365383638393631303461666538363662383934303561653866653339313430396132223b7d),
('gqvlcvq6f4n49k9qiusjunkf9at5t76f', '::1', 1562592658, 0x5f5f63695f6c6173745f726567656e65726174657c693a313536323539323635383b7573657253657373696f6e7c613a393a7b733a323a226964223b733a313a2231223b733a333a226e6970223b733a31303a2231313337303130303534223b733a31313a22646973706c61794e616d65223b733a31333a2253616e6469204d756c79616469223b733a31343a22646973706c617950696374757265223b4e3b733a353a22656d61696c223b733a32323a2273616e64696d766c7961646940676d61696c2e636f6d223b733a363a226b6f6e74616b223b733a31323a22303837373230363134303030223b733a363a22616c616d6174223b4e3b733a353a226c6576656c223b733a353a2241444d494e223b733a353a22746f6b656e223b733a34303a2233656166666365383638393631303461666538363662383934303561653866653339313430396132223b7d),
('865nt06po388n7h14t922vq0sd2rdtpi', '::1', 1562592991, 0x5f5f63695f6c6173745f726567656e65726174657c693a313536323539323939313b7573657253657373696f6e7c613a393a7b733a323a226964223b733a313a2231223b733a333a226e6970223b733a31303a2231313337303130303534223b733a31313a22646973706c61794e616d65223b733a31333a2253616e6469204d756c79616469223b733a31343a22646973706c617950696374757265223b4e3b733a353a22656d61696c223b733a32323a2273616e64696d766c7961646940676d61696c2e636f6d223b733a363a226b6f6e74616b223b733a31323a22303837373230363134303030223b733a363a22616c616d6174223b4e3b733a353a226c6576656c223b733a353a2241444d494e223b733a353a22746f6b656e223b733a34303a2233656166666365383638393631303461666538363662383934303561653866653339313430396132223b7d),
('s6v3c0be3i570gprqi9m9ga6442mfbd1', '::1', 1562593481, 0x5f5f63695f6c6173745f726567656e65726174657c693a313536323539333438313b7573657253657373696f6e7c613a393a7b733a323a226964223b733a313a2231223b733a333a226e6970223b733a31303a2231313337303130303534223b733a31313a22646973706c61794e616d65223b733a31333a2253616e6469204d756c79616469223b733a31343a22646973706c617950696374757265223b4e3b733a353a22656d61696c223b733a32323a2273616e64696d766c7961646940676d61696c2e636f6d223b733a363a226b6f6e74616b223b733a31323a22303837373230363134303030223b733a363a22616c616d6174223b4e3b733a353a226c6576656c223b733a353a2241444d494e223b733a353a22746f6b656e223b733a34303a2233656166666365383638393631303461666538363662383934303561653866653339313430396132223b7d),
('hp51k0kj6pf48el8fc76tdmnudt03lgj', '::1', 1562593809, 0x5f5f63695f6c6173745f726567656e65726174657c693a313536323539333830393b7573657253657373696f6e7c613a393a7b733a323a226964223b733a313a2231223b733a333a226e6970223b733a31303a2231313337303130303534223b733a31313a22646973706c61794e616d65223b733a31333a2253616e6469204d756c79616469223b733a31343a22646973706c617950696374757265223b4e3b733a353a22656d61696c223b733a32323a2273616e64696d766c7961646940676d61696c2e636f6d223b733a363a226b6f6e74616b223b733a31323a22303837373230363134303030223b733a363a22616c616d6174223b4e3b733a353a226c6576656c223b733a353a2241444d494e223b733a353a22746f6b656e223b733a34303a2233656166666365383638393631303461666538363662383934303561653866653339313430396132223b7d),
('0ai0ocbmtglfd7agtmvh333mtjbvv0uh', '::1', 1562594233, 0x5f5f63695f6c6173745f726567656e65726174657c693a313536323539343233333b7573657253657373696f6e7c613a393a7b733a323a226964223b733a313a2231223b733a333a226e6970223b733a31303a2231313337303130303534223b733a31313a22646973706c61794e616d65223b733a31333a2253616e6469204d756c79616469223b733a31343a22646973706c617950696374757265223b4e3b733a353a22656d61696c223b733a32323a2273616e64696d766c7961646940676d61696c2e636f6d223b733a363a226b6f6e74616b223b733a31323a22303837373230363134303030223b733a363a22616c616d6174223b4e3b733a353a226c6576656c223b733a353a2241444d494e223b733a353a22746f6b656e223b733a34303a2233656166666365383638393631303461666538363662383934303561653866653339313430396132223b7d),
('m9bnmv3491akf7n27uipo9mhl5ojhntj', '::1', 1562594568, 0x5f5f63695f6c6173745f726567656e65726174657c693a313536323539343536383b7573657253657373696f6e7c613a393a7b733a323a226964223b733a313a2231223b733a333a226e6970223b733a31303a2231313337303130303534223b733a31313a22646973706c61794e616d65223b733a31333a2253616e6469204d756c79616469223b733a31343a22646973706c617950696374757265223b4e3b733a353a22656d61696c223b733a32323a2273616e64696d766c7961646940676d61696c2e636f6d223b733a363a226b6f6e74616b223b733a31323a22303837373230363134303030223b733a363a22616c616d6174223b4e3b733a353a226c6576656c223b733a353a2241444d494e223b733a353a22746f6b656e223b733a34303a2233656166666365383638393631303461666538363662383934303561653866653339313430396132223b7d),
('objbb5j8u8g5b5pgnla3v6g93pnbap1r', '::1', 1562594912, 0x5f5f63695f6c6173745f726567656e65726174657c693a313536323539343931323b7573657253657373696f6e7c613a393a7b733a323a226964223b733a313a2231223b733a333a226e6970223b733a31303a2231313337303130303534223b733a31313a22646973706c61794e616d65223b733a31333a2253616e6469204d756c79616469223b733a31343a22646973706c617950696374757265223b4e3b733a353a22656d61696c223b733a32323a2273616e64696d766c7961646940676d61696c2e636f6d223b733a363a226b6f6e74616b223b733a31323a22303837373230363134303030223b733a363a22616c616d6174223b4e3b733a353a226c6576656c223b733a353a2241444d494e223b733a353a22746f6b656e223b733a34303a2233656166666365383638393631303461666538363662383934303561653866653339313430396132223b7d),
('narbi19dr0ls5jrbkcrau6jj5371kdc4', '::1', 1562595751, 0x5f5f63695f6c6173745f726567656e65726174657c693a313536323539353735313b7573657253657373696f6e7c613a393a7b733a323a226964223b733a313a2231223b733a333a226e6970223b733a31303a2231313337303130303534223b733a31313a22646973706c61794e616d65223b733a31333a2253616e6469204d756c79616469223b733a31343a22646973706c617950696374757265223b4e3b733a353a22656d61696c223b733a32323a2273616e64696d766c7961646940676d61696c2e636f6d223b733a363a226b6f6e74616b223b733a31323a22303837373230363134303030223b733a363a22616c616d6174223b4e3b733a353a226c6576656c223b733a353a2241444d494e223b733a353a22746f6b656e223b733a34303a2233656166666365383638393631303461666538363662383934303561653866653339313430396132223b7d),
('g4eknv3v0dat3oacg5b0h9aasrqsh0a5', '::1', 1562596055, 0x5f5f63695f6c6173745f726567656e65726174657c693a313536323539363035353b7573657253657373696f6e7c613a393a7b733a323a226964223b733a313a2231223b733a333a226e6970223b733a31303a2231313337303130303534223b733a31313a22646973706c61794e616d65223b733a31333a2253616e6469204d756c79616469223b733a31343a22646973706c617950696374757265223b4e3b733a353a22656d61696c223b733a32323a2273616e64696d766c7961646940676d61696c2e636f6d223b733a363a226b6f6e74616b223b733a31323a22303837373230363134303030223b733a363a22616c616d6174223b4e3b733a353a226c6576656c223b733a353a2241444d494e223b733a353a22746f6b656e223b733a34303a2233656166666365383638393631303461666538363662383934303561653866653339313430396132223b7d),
('roa88q2k72eft4o96catnkam8gcgfpv0', '::1', 1562596924, 0x5f5f63695f6c6173745f726567656e65726174657c693a313536323539363932343b7573657253657373696f6e7c613a393a7b733a323a226964223b733a313a2231223b733a333a226e6970223b733a31303a2231313337303130303534223b733a31313a22646973706c61794e616d65223b733a31333a2253616e6469204d756c79616469223b733a31343a22646973706c617950696374757265223b4e3b733a353a22656d61696c223b733a32323a2273616e64696d766c7961646940676d61696c2e636f6d223b733a363a226b6f6e74616b223b733a31323a22303837373230363134303030223b733a363a22616c616d6174223b4e3b733a353a226c6576656c223b733a353a2241444d494e223b733a353a22746f6b656e223b733a34303a2233656166666365383638393631303461666538363662383934303561653866653339313430396132223b7d),
('6nsjepcrmog7ic1ab186pp8k3472b95d', '::1', 1562597239, 0x5f5f63695f6c6173745f726567656e65726174657c693a313536323539373233393b7573657253657373696f6e7c613a393a7b733a323a226964223b733a313a2231223b733a333a226e6970223b733a31303a2231313337303130303534223b733a31313a22646973706c61794e616d65223b733a31333a2253616e6469204d756c79616469223b733a31343a22646973706c617950696374757265223b4e3b733a353a22656d61696c223b733a32323a2273616e64696d766c7961646940676d61696c2e636f6d223b733a363a226b6f6e74616b223b733a31323a22303837373230363134303030223b733a363a22616c616d6174223b4e3b733a353a226c6576656c223b733a353a2241444d494e223b733a353a22746f6b656e223b733a34303a2233656166666365383638393631303461666538363662383934303561653866653339313430396132223b7d),
('f97b9hhs7scocor53dap18msirtiojal', '::1', 1562597593, 0x5f5f63695f6c6173745f726567656e65726174657c693a313536323539373539333b7573657253657373696f6e7c613a393a7b733a323a226964223b733a313a2231223b733a333a226e6970223b733a31303a2231313337303130303534223b733a31313a22646973706c61794e616d65223b733a31333a2253616e6469204d756c79616469223b733a31343a22646973706c617950696374757265223b4e3b733a353a22656d61696c223b733a32323a2273616e64696d766c7961646940676d61696c2e636f6d223b733a363a226b6f6e74616b223b733a31323a22303837373230363134303030223b733a363a22616c616d6174223b4e3b733a353a226c6576656c223b733a353a2241444d494e223b733a353a22746f6b656e223b733a34303a2233656166666365383638393631303461666538363662383934303561653866653339313430396132223b7d),
('5hu31d3j6ek2htttk2sktmhcjsoc3tci', '::1', 1562598105, 0x5f5f63695f6c6173745f726567656e65726174657c693a313536323539383130353b7573657253657373696f6e7c613a393a7b733a323a226964223b733a313a2231223b733a333a226e6970223b733a31303a2231313337303130303534223b733a31313a22646973706c61794e616d65223b733a31333a2253616e6469204d756c79616469223b733a31343a22646973706c617950696374757265223b4e3b733a353a22656d61696c223b733a32323a2273616e64696d766c7961646940676d61696c2e636f6d223b733a363a226b6f6e74616b223b733a31323a22303837373230363134303030223b733a363a22616c616d6174223b4e3b733a353a226c6576656c223b733a353a2241444d494e223b733a353a22746f6b656e223b733a34303a2233656166666365383638393631303461666538363662383934303561653866653339313430396132223b7d),
('h3ek9bc7eql6ibvffefrf7osc19nc3kt', '::1', 1562598640, 0x5f5f63695f6c6173745f726567656e65726174657c693a313536323539383634303b7573657253657373696f6e7c613a393a7b733a323a226964223b733a313a2231223b733a333a226e6970223b733a31303a2231313337303130303534223b733a31313a22646973706c61794e616d65223b733a31333a2253616e6469204d756c79616469223b733a31343a22646973706c617950696374757265223b4e3b733a353a22656d61696c223b733a32323a2273616e64696d766c7961646940676d61696c2e636f6d223b733a363a226b6f6e74616b223b733a31323a22303837373230363134303030223b733a363a22616c616d6174223b4e3b733a353a226c6576656c223b733a353a2241444d494e223b733a353a22746f6b656e223b733a34303a2233656166666365383638393631303461666538363662383934303561653866653339313430396132223b7d),
('3e695h2n0fkfco12oh9p5cu879mu657k', '::1', 1562599849, 0x5f5f63695f6c6173745f726567656e65726174657c693a313536323539393834393b7573657253657373696f6e7c613a393a7b733a323a226964223b733a313a2231223b733a333a226e6970223b733a31303a2231313337303130303534223b733a31313a22646973706c61794e616d65223b733a31333a2253616e6469204d756c79616469223b733a31343a22646973706c617950696374757265223b4e3b733a353a22656d61696c223b733a32323a2273616e64696d766c7961646940676d61696c2e636f6d223b733a363a226b6f6e74616b223b733a31323a22303837373230363134303030223b733a363a22616c616d6174223b4e3b733a353a226c6576656c223b733a353a2241444d494e223b733a353a22746f6b656e223b733a34303a2233656166666365383638393631303461666538363662383934303561653866653339313430396132223b7d),
('0b1jcshcamosknn96mr6dt2mdiqu9sh6', '::1', 1562600163, 0x5f5f63695f6c6173745f726567656e65726174657c693a313536323630303136333b7573657253657373696f6e7c613a393a7b733a323a226964223b733a313a2231223b733a333a226e6970223b733a31303a2231313337303130303534223b733a31313a22646973706c61794e616d65223b733a31333a2253616e6469204d756c79616469223b733a31343a22646973706c617950696374757265223b4e3b733a353a22656d61696c223b733a32323a2273616e64696d766c7961646940676d61696c2e636f6d223b733a363a226b6f6e74616b223b733a31323a22303837373230363134303030223b733a363a22616c616d6174223b4e3b733a353a226c6576656c223b733a353a2241444d494e223b733a353a22746f6b656e223b733a34303a2233656166666365383638393631303461666538363662383934303561653866653339313430396132223b7d),
('hhj55b243q2heqdbbdgt0sq29bne0ff6', '::1', 1562601018, 0x5f5f63695f6c6173745f726567656e65726174657c693a313536323630313031383b7573657253657373696f6e7c613a393a7b733a323a226964223b733a313a2231223b733a333a226e6970223b733a31303a2231313337303130303534223b733a31313a22646973706c61794e616d65223b733a31333a2253616e6469204d756c79616469223b733a31343a22646973706c617950696374757265223b4e3b733a353a22656d61696c223b733a32323a2273616e64696d766c7961646940676d61696c2e636f6d223b733a363a226b6f6e74616b223b733a31323a22303837373230363134303030223b733a363a22616c616d6174223b4e3b733a353a226c6576656c223b733a353a2241444d494e223b733a353a22746f6b656e223b733a34303a2266373132663161623335323038333465383933343031363733333735663031646366343434363436223b7d),
('te4asr0cr60k94fcechptnid1lrlqbl1', '::1', 1562601562, 0x5f5f63695f6c6173745f726567656e65726174657c693a313536323630313536323b7573657253657373696f6e7c613a393a7b733a323a226964223b733a313a2231223b733a333a226e6970223b733a31303a2231313337303130303534223b733a31313a22646973706c61794e616d65223b733a31333a2253616e6469204d756c79616469223b733a31343a22646973706c617950696374757265223b4e3b733a353a22656d61696c223b733a32323a2273616e64696d766c7961646940676d61696c2e636f6d223b733a363a226b6f6e74616b223b733a31323a22303837373230363134303030223b733a363a22616c616d6174223b4e3b733a353a226c6576656c223b733a353a2241444d494e223b733a353a22746f6b656e223b733a34303a2235313131656664386161393836326332386361373036663733376537383837363265363231336164223b7d),
('op5n329scia8fqc9b6364p4g4312htp9', '::1', 1562601565, 0x5f5f63695f6c6173745f726567656e65726174657c693a313536323630313536353b),
('v8e0ehi8j4s5ru60mg4hdhn777qj0qv5', '192.168.5.122', 1562601597, 0x5f5f63695f6c6173745f726567656e65726174657c693a313536323630313539373b),
('tmn5um8vad08ias98kp0f6v07p44a8ms', '192.168.5.77', 1562602295, 0x5f5f63695f6c6173745f726567656e65726174657c693a313536323630323239353b),
('j983btjlj1i949uvvp384tauvuimm3ul', '::1', 1562627655, 0x5f5f63695f6c6173745f726567656e65726174657c693a313536323632373436353b7573657253657373696f6e7c613a393a7b733a323a226964223b733a313a2231223b733a333a226e6970223b733a31303a2231313337303130303534223b733a31313a22646973706c61794e616d65223b733a31333a2253616e6469204d756c79616469223b733a31343a22646973706c617950696374757265223b4e3b733a353a22656d61696c223b733a32323a2273616e64696d766c7961646940676d61696c2e636f6d223b733a363a226b6f6e74616b223b733a31323a22303837373230363134303030223b733a363a22616c616d6174223b4e3b733a353a226c6576656c223b733a353a2241444d494e223b733a353a22746f6b656e223b733a34303a2231326238653731383861356366373761626563643934316633393662613063376138633265613963223b7d),
('p1fm8m6cbqkmhdapf20o955rodabh5sl', '192.168.5.160', 1562636461, 0x5f5f63695f6c6173745f726567656e65726174657c693a313536323633363431373b7573657253657373696f6e7c613a393a7b733a323a226964223b733a313a2231223b733a333a226e6970223b733a31303a2231313337303130303534223b733a31313a22646973706c61794e616d65223b733a31333a2253616e6469204d756c79616469223b733a31343a22646973706c617950696374757265223b4e3b733a353a22656d61696c223b733a32323a2273616e64696d766c7961646940676d61696c2e636f6d223b733a363a226b6f6e74616b223b733a31323a22303837373230363134303030223b733a363a22616c616d6174223b4e3b733a353a226c6576656c223b733a353a2241444d494e223b733a353a22746f6b656e223b733a34303a2265303964626438643633353365653737646337343435613063343066626632653239663831313631223b7d),
('nqrppt2tsik7nohmdavbjfaud9vvvkh7', '192.168.5.1', 1562636874, 0x5f5f63695f6c6173745f726567656e65726174657c693a313536323633363837343b),
('nqrppt2tsik7nohmdavbjfaud9vvvkh7', '192.168.5.160', 1562638149, 0x7573657253657373696f6e7c613a393a7b733a323a226964223b733a313a2231223b733a333a226e6970223b733a31303a2231313337303130303534223b733a31313a22646973706c61794e616d65223b733a31333a2253616e6469204d756c79616469223b733a31343a22646973706c617950696374757265223b4e3b733a353a22656d61696c223b733a32323a2273616e64696d766c7961646940676d61696c2e636f6d223b733a363a226b6f6e74616b223b733a31323a22303837373230363134303030223b733a363a22616c616d6174223b4e3b733a353a226c6576656c223b733a353a2241444d494e223b733a353a22746f6b656e223b733a34303a2264363963326634336262626337376231323434656264633436663736363132366337623037663133223b7d5f5f63695f6c6173745f726567656e65726174657c693a313536323633383134393b),
('bo9qh65vsud84dgc60ggb273v1a129j3', '::1', 1562639483, 0x5f5f63695f6c6173745f726567656e65726174657c693a313536323633393438333b7573657253657373696f6e7c613a393a7b733a323a226964223b733a313a2231223b733a333a226e6970223b733a31303a2231313337303130303534223b733a31313a22646973706c61794e616d65223b733a31333a2253616e6469204d756c79616469223b733a31343a22646973706c617950696374757265223b4e3b733a353a22656d61696c223b733a32323a2273616e64696d766c7961646940676d61696c2e636f6d223b733a363a226b6f6e74616b223b733a31323a22303837373230363134303030223b733a363a22616c616d6174223b4e3b733a353a226c6576656c223b733a353a2241444d494e223b733a353a22746f6b656e223b733a34303a2266613538616565306664356632643438373039633332343736313263353930663139343330363930223b7d),
('e7ornn8eqa8ct3thafvrmtp8agd0d5au', '::1', 1562639660, 0x5f5f63695f6c6173745f726567656e65726174657c693a313536323633393438333b7573657253657373696f6e7c613a393a7b733a323a226964223b733a313a2231223b733a333a226e6970223b733a31303a2231313337303130303534223b733a31313a22646973706c61794e616d65223b733a31333a2253616e6469204d756c79616469223b733a31343a22646973706c617950696374757265223b4e3b733a353a22656d61696c223b733a32323a2273616e64696d766c7961646940676d61696c2e636f6d223b733a363a226b6f6e74616b223b733a31323a22303837373230363134303030223b733a363a22616c616d6174223b4e3b733a353a226c6576656c223b733a353a2241444d494e223b733a353a22746f6b656e223b733a34303a2266613538616565306664356632643438373039633332343736313263353930663139343330363930223b7d),
('umlc2jbmemjt9svme9pvvpl0ca7g9212', '::1', 1562931446, 0x5f5f63695f6c6173745f726567656e65726174657c693a313536323933313434363b7573657253657373696f6e7c613a393a7b733a323a226964223b733a313a2231223b733a333a226e6970223b733a31303a2231313337303130303534223b733a31313a22646973706c61794e616d65223b733a31333a2253616e6469204d756c79616469223b733a31343a22646973706c617950696374757265223b4e3b733a353a22656d61696c223b733a32323a2273616e64696d766c7961646940676d61696c2e636f6d223b733a363a226b6f6e74616b223b733a31323a22303837373230363134303030223b733a363a22616c616d6174223b4e3b733a353a226c6576656c223b733a353a2241444d494e223b733a353a22746f6b656e223b733a34303a2262376439656537663434623230323330316136633763333630653764633765363362663436363165223b7d),
('fakucj5s21mr4omm2036mnmmkp5ofa4u', '::1', 1562931788, 0x5f5f63695f6c6173745f726567656e65726174657c693a313536323933313738383b7573657253657373696f6e7c613a393a7b733a323a226964223b733a313a2231223b733a333a226e6970223b733a31303a2231313337303130303534223b733a31313a22646973706c61794e616d65223b733a31333a2253616e6469204d756c79616469223b733a31343a22646973706c617950696374757265223b4e3b733a353a22656d61696c223b733a32323a2273616e64696d766c7961646940676d61696c2e636f6d223b733a363a226b6f6e74616b223b733a31323a22303837373230363134303030223b733a363a22616c616d6174223b4e3b733a353a226c6576656c223b733a353a2241444d494e223b733a353a22746f6b656e223b733a34303a2262376439656537663434623230323330316136633763333630653764633765363362663436363165223b7d),
('n50mc0trurdvr3ir11531sc0peo1du98', '::1', 1562932231, 0x5f5f63695f6c6173745f726567656e65726174657c693a313536323933323233313b7573657253657373696f6e7c613a393a7b733a323a226964223b733a313a2231223b733a333a226e6970223b733a31303a2231313337303130303534223b733a31313a22646973706c61794e616d65223b733a31333a2253616e6469204d756c79616469223b733a31343a22646973706c617950696374757265223b4e3b733a353a22656d61696c223b733a32323a2273616e64696d766c7961646940676d61696c2e636f6d223b733a363a226b6f6e74616b223b733a31323a22303837373230363134303030223b733a363a22616c616d6174223b4e3b733a353a226c6576656c223b733a353a2241444d494e223b733a353a22746f6b656e223b733a34303a2262376439656537663434623230323330316136633763333630653764633765363362663436363165223b7d),
('2ab3bs3n5ckk0c3anlu2dlm45mg1ik86', '::1', 1562932578, 0x5f5f63695f6c6173745f726567656e65726174657c693a313536323933323537383b7573657253657373696f6e7c613a393a7b733a323a226964223b733a313a2231223b733a333a226e6970223b733a31303a2231313337303130303534223b733a31313a22646973706c61794e616d65223b733a31333a2253616e6469204d756c79616469223b733a31343a22646973706c617950696374757265223b4e3b733a353a22656d61696c223b733a32323a2273616e64696d766c7961646940676d61696c2e636f6d223b733a363a226b6f6e74616b223b733a31323a22303837373230363134303030223b733a363a22616c616d6174223b4e3b733a353a226c6576656c223b733a353a2241444d494e223b733a353a22746f6b656e223b733a34303a2262376439656537663434623230323330316136633763333630653764633765363362663436363165223b7d),
('7ufmh2t9lnjcqupjf98110lj79eou6do', '::1', 1562932978, 0x5f5f63695f6c6173745f726567656e65726174657c693a313536323933323937383b7573657253657373696f6e7c613a393a7b733a323a226964223b733a313a2231223b733a333a226e6970223b733a31303a2231313337303130303534223b733a31313a22646973706c61794e616d65223b733a31333a2253616e6469204d756c79616469223b733a31343a22646973706c617950696374757265223b4e3b733a353a22656d61696c223b733a32323a2273616e64696d766c7961646940676d61696c2e636f6d223b733a363a226b6f6e74616b223b733a31323a22303837373230363134303030223b733a363a22616c616d6174223b4e3b733a353a226c6576656c223b733a353a2241444d494e223b733a353a22746f6b656e223b733a34303a2262376439656537663434623230323330316136633763333630653764633765363362663436363165223b7d),
('gns342tl64k4ht77l8bc3sdm6eq53tbi', '::1', 1562935962, 0x5f5f63695f6c6173745f726567656e65726174657c693a313536323933353936323b7573657253657373696f6e7c613a393a7b733a323a226964223b733a313a2231223b733a333a226e6970223b733a31303a2231313337303130303534223b733a31313a22646973706c61794e616d65223b733a31333a2253616e6469204d756c79616469223b733a31343a22646973706c617950696374757265223b4e3b733a353a22656d61696c223b733a32323a2273616e64696d766c7961646940676d61696c2e636f6d223b733a363a226b6f6e74616b223b733a31323a22303837373230363134303030223b733a363a22616c616d6174223b4e3b733a353a226c6576656c223b733a353a2241444d494e223b733a353a22746f6b656e223b733a34303a2262376439656537663434623230323330316136633763333630653764633765363362663436363165223b7d),
('0b6siim0i63hgghbor0v0ij8qcfgpufa', '::1', 1562936326, 0x5f5f63695f6c6173745f726567656e65726174657c693a313536323933363332363b7573657253657373696f6e7c613a393a7b733a323a226964223b733a313a2231223b733a333a226e6970223b733a31303a2231313337303130303534223b733a31313a22646973706c61794e616d65223b733a31333a2253616e6469204d756c79616469223b733a31343a22646973706c617950696374757265223b4e3b733a353a22656d61696c223b733a32323a2273616e64696d766c7961646940676d61696c2e636f6d223b733a363a226b6f6e74616b223b733a31323a22303837373230363134303030223b733a363a22616c616d6174223b4e3b733a353a226c6576656c223b733a353a2241444d494e223b733a353a22746f6b656e223b733a34303a2262376439656537663434623230323330316136633763333630653764633765363362663436363165223b7d),
('1qguvvb1v52emrj6rj8qsk1bemg9ab8r', '::1', 1562938519, 0x5f5f63695f6c6173745f726567656e65726174657c693a313536323933383531393b7573657253657373696f6e7c613a393a7b733a323a226964223b733a313a2231223b733a333a226e6970223b733a31303a2231313337303130303534223b733a31313a22646973706c61794e616d65223b733a31333a2253616e6469204d756c79616469223b733a31343a22646973706c617950696374757265223b4e3b733a353a22656d61696c223b733a32323a2273616e64696d766c7961646940676d61696c2e636f6d223b733a363a226b6f6e74616b223b733a31323a22303837373230363134303030223b733a363a22616c616d6174223b4e3b733a353a226c6576656c223b733a353a2241444d494e223b733a353a22746f6b656e223b733a34303a2262376439656537663434623230323330316136633763333630653764633765363362663436363165223b7d),
('iehaiqglij2mc0htnv3p2cg120k6mu55', '::1', 1562938821, 0x5f5f63695f6c6173745f726567656e65726174657c693a313536323933383832313b7573657253657373696f6e7c613a393a7b733a323a226964223b733a313a2231223b733a333a226e6970223b733a31303a2231313337303130303534223b733a31313a22646973706c61794e616d65223b733a31333a2253616e6469204d756c79616469223b733a31343a22646973706c617950696374757265223b4e3b733a353a22656d61696c223b733a32323a2273616e64696d766c7961646940676d61696c2e636f6d223b733a363a226b6f6e74616b223b733a31323a22303837373230363134303030223b733a363a22616c616d6174223b4e3b733a353a226c6576656c223b733a353a2241444d494e223b733a353a22746f6b656e223b733a34303a2262376439656537663434623230323330316136633763333630653764633765363362663436363165223b7d),
('ntqq5i87hd9f8umjpnbh7klc29mihf38', '::1', 1562939272, 0x5f5f63695f6c6173745f726567656e65726174657c693a313536323933393237323b7573657253657373696f6e7c613a393a7b733a323a226964223b733a313a2231223b733a333a226e6970223b733a31303a2231313337303130303534223b733a31313a22646973706c61794e616d65223b733a31333a2253616e6469204d756c79616469223b733a31343a22646973706c617950696374757265223b4e3b733a353a22656d61696c223b733a32323a2273616e64696d766c7961646940676d61696c2e636f6d223b733a363a226b6f6e74616b223b733a31323a22303837373230363134303030223b733a363a22616c616d6174223b4e3b733a353a226c6576656c223b733a353a2241444d494e223b733a353a22746f6b656e223b733a34303a2262376439656537663434623230323330316136633763333630653764633765363362663436363165223b7d),
('qtobhoak0iokklfk9hbic7m3gnaldtjk', '::1', 1562940642, 0x5f5f63695f6c6173745f726567656e65726174657c693a313536323934303634323b7573657253657373696f6e7c613a393a7b733a323a226964223b733a313a2231223b733a333a226e6970223b733a31303a2231313337303130303534223b733a31313a22646973706c61794e616d65223b733a31333a2253616e6469204d756c79616469223b733a31343a22646973706c617950696374757265223b4e3b733a353a22656d61696c223b733a32323a2273616e64696d766c7961646940676d61696c2e636f6d223b733a363a226b6f6e74616b223b733a31323a22303837373230363134303030223b733a363a22616c616d6174223b4e3b733a353a226c6576656c223b733a353a2241444d494e223b733a353a22746f6b656e223b733a34303a2262376439656537663434623230323330316136633763333630653764633765363362663436363165223b7d),
('iafamf1peohq95i4neq7mk55955ttcs2', '::1', 1562940963, 0x5f5f63695f6c6173745f726567656e65726174657c693a313536323934303936333b7573657253657373696f6e7c613a393a7b733a323a226964223b733a313a2231223b733a333a226e6970223b733a31303a2231313337303130303534223b733a31313a22646973706c61794e616d65223b733a31333a2253616e6469204d756c79616469223b733a31343a22646973706c617950696374757265223b4e3b733a353a22656d61696c223b733a32323a2273616e64696d766c7961646940676d61696c2e636f6d223b733a363a226b6f6e74616b223b733a31323a22303837373230363134303030223b733a363a22616c616d6174223b4e3b733a353a226c6576656c223b733a353a2241444d494e223b733a353a22746f6b656e223b733a34303a2262376439656537663434623230323330316136633763333630653764633765363362663436363165223b7d),
('43g6aunqni9jingvvd99htvdhp5hq814', '::1', 1562941380, 0x5f5f63695f6c6173745f726567656e65726174657c693a313536323934313338303b7573657253657373696f6e7c613a393a7b733a323a226964223b733a313a2231223b733a333a226e6970223b733a31303a2231313337303130303534223b733a31313a22646973706c61794e616d65223b733a31333a2253616e6469204d756c79616469223b733a31343a22646973706c617950696374757265223b4e3b733a353a22656d61696c223b733a32323a2273616e64696d766c7961646940676d61696c2e636f6d223b733a363a226b6f6e74616b223b733a31323a22303837373230363134303030223b733a363a22616c616d6174223b4e3b733a353a226c6576656c223b733a353a2241444d494e223b733a353a22746f6b656e223b733a34303a2262376439656537663434623230323330316136633763333630653764633765363362663436363165223b7d),
('n420b6ojdoo6pcrv5lnaqsmsdah0erh5', '::1', 1562941696, 0x5f5f63695f6c6173745f726567656e65726174657c693a313536323934313639363b7573657253657373696f6e7c613a393a7b733a323a226964223b733a313a2231223b733a333a226e6970223b733a31303a2231313337303130303534223b733a31313a22646973706c61794e616d65223b733a31333a2253616e6469204d756c79616469223b733a31343a22646973706c617950696374757265223b4e3b733a353a22656d61696c223b733a32323a2273616e64696d766c7961646940676d61696c2e636f6d223b733a363a226b6f6e74616b223b733a31323a22303837373230363134303030223b733a363a22616c616d6174223b4e3b733a353a226c6576656c223b733a353a2241444d494e223b733a353a22746f6b656e223b733a34303a2262376439656537663434623230323330316136633763333630653764633765363362663436363165223b7d),
('dqgs541p325s5p23har5g65hr41bmvvf', '::1', 1562942064, 0x5f5f63695f6c6173745f726567656e65726174657c693a313536323934323036343b7573657253657373696f6e7c613a393a7b733a323a226964223b733a313a2231223b733a333a226e6970223b733a31303a2231313337303130303534223b733a31313a22646973706c61794e616d65223b733a31333a2253616e6469204d756c79616469223b733a31343a22646973706c617950696374757265223b4e3b733a353a22656d61696c223b733a32323a2273616e64696d766c7961646940676d61696c2e636f6d223b733a363a226b6f6e74616b223b733a31323a22303837373230363134303030223b733a363a22616c616d6174223b4e3b733a353a226c6576656c223b733a353a2241444d494e223b733a353a22746f6b656e223b733a34303a2262376439656537663434623230323330316136633763333630653764633765363362663436363165223b7d),
('1203atkq0joeu79tp2k368sikrlpvd7p', '::1', 1562942366, 0x5f5f63695f6c6173745f726567656e65726174657c693a313536323934323336363b7573657253657373696f6e7c613a393a7b733a323a226964223b733a313a2231223b733a333a226e6970223b733a31303a2231313337303130303534223b733a31313a22646973706c61794e616d65223b733a31333a2253616e6469204d756c79616469223b733a31343a22646973706c617950696374757265223b4e3b733a353a22656d61696c223b733a32323a2273616e64696d766c7961646940676d61696c2e636f6d223b733a363a226b6f6e74616b223b733a31323a22303837373230363134303030223b733a363a22616c616d6174223b4e3b733a353a226c6576656c223b733a353a2241444d494e223b733a353a22746f6b656e223b733a34303a2262376439656537663434623230323330316136633763333630653764633765363362663436363165223b7d),
('srie3po39t2n0t5s4r4fh2spmpe97lml', '::1', 1562942874, 0x5f5f63695f6c6173745f726567656e65726174657c693a313536323934323837343b7573657253657373696f6e7c613a393a7b733a323a226964223b733a313a2231223b733a333a226e6970223b733a31303a2231313337303130303534223b733a31313a22646973706c61794e616d65223b733a31333a2253616e6469204d756c79616469223b733a31343a22646973706c617950696374757265223b4e3b733a353a22656d61696c223b733a32323a2273616e64696d766c7961646940676d61696c2e636f6d223b733a363a226b6f6e74616b223b733a31323a22303837373230363134303030223b733a363a22616c616d6174223b4e3b733a353a226c6576656c223b733a353a2241444d494e223b733a353a22746f6b656e223b733a34303a2262376439656537663434623230323330316136633763333630653764633765363362663436363165223b7d),
('tbe6obgki9s0f3ai0jq6ege9hcgc0rke', '::1', 1562943182, 0x5f5f63695f6c6173745f726567656e65726174657c693a313536323934333138323b7573657253657373696f6e7c613a393a7b733a323a226964223b733a313a2231223b733a333a226e6970223b733a31303a2231313337303130303534223b733a31313a22646973706c61794e616d65223b733a31333a2253616e6469204d756c79616469223b733a31343a22646973706c617950696374757265223b4e3b733a353a22656d61696c223b733a32323a2273616e64696d766c7961646940676d61696c2e636f6d223b733a363a226b6f6e74616b223b733a31323a22303837373230363134303030223b733a363a22616c616d6174223b4e3b733a353a226c6576656c223b733a353a2241444d494e223b733a353a22746f6b656e223b733a34303a2262376439656537663434623230323330316136633763333630653764633765363362663436363165223b7d),
('olo4uqmgv7gbqt498b511vfvsil868vp', '::1', 1562943430, 0x5f5f63695f6c6173745f726567656e65726174657c693a313536323934333138323b7573657253657373696f6e7c613a393a7b733a323a226964223b733a313a2231223b733a333a226e6970223b733a31303a2231313337303130303534223b733a31313a22646973706c61794e616d65223b733a31333a2253616e6469204d756c79616469223b733a31343a22646973706c617950696374757265223b4e3b733a353a22656d61696c223b733a32323a2273616e64696d766c7961646940676d61696c2e636f6d223b733a363a226b6f6e74616b223b733a31323a22303837373230363134303030223b733a363a22616c616d6174223b4e3b733a353a226c6576656c223b733a353a2241444d494e223b733a353a22746f6b656e223b733a34303a2262376439656537663434623230323330316136633763333630653764633765363362663436363165223b7d),
('qog78odrrmu10jsl6dli0k9f1fmdlgkp', '::1', 1562977223, 0x5f5f63695f6c6173745f726567656e65726174657c693a313536323937373232333b7573657253657373696f6e7c613a393a7b733a323a226964223b733a313a2231223b733a333a226e6970223b733a31303a2231313337303130303534223b733a31313a22646973706c61794e616d65223b733a31333a2253616e6469204d756c79616469223b733a31343a22646973706c617950696374757265223b4e3b733a353a22656d61696c223b733a32323a2273616e64696d766c7961646940676d61696c2e636f6d223b733a363a226b6f6e74616b223b733a31323a22303837373230363134303030223b733a363a22616c616d6174223b4e3b733a353a226c6576656c223b733a353a2241444d494e223b733a353a22746f6b656e223b733a34303a2234633930366131633335376335303962356665623638626538316434643937333939373635626231223b7d),
('l4md3keh04h6r5kavbrp0nm69jrflde1', '::1', 1562977737, 0x5f5f63695f6c6173745f726567656e65726174657c693a313536323937373733373b7573657253657373696f6e7c613a393a7b733a323a226964223b733a313a2231223b733a333a226e6970223b733a31303a2231313337303130303534223b733a31313a22646973706c61794e616d65223b733a31333a2253616e6469204d756c79616469223b733a31343a22646973706c617950696374757265223b4e3b733a353a22656d61696c223b733a32323a2273616e64696d766c7961646940676d61696c2e636f6d223b733a363a226b6f6e74616b223b733a31323a22303837373230363134303030223b733a363a22616c616d6174223b4e3b733a353a226c6576656c223b733a353a2241444d494e223b733a353a22746f6b656e223b733a34303a2234633930366131633335376335303962356665623638626538316434643937333939373635626231223b7d),
('aj1uo97a3hj2n3st8nmg04aa4k4oumdp', '::1', 1562978109, 0x5f5f63695f6c6173745f726567656e65726174657c693a313536323937383130393b7573657253657373696f6e7c613a393a7b733a323a226964223b733a313a2231223b733a333a226e6970223b733a31303a2231313337303130303534223b733a31313a22646973706c61794e616d65223b733a31333a2253616e6469204d756c79616469223b733a31343a22646973706c617950696374757265223b4e3b733a353a22656d61696c223b733a32323a2273616e64696d766c7961646940676d61696c2e636f6d223b733a363a226b6f6e74616b223b733a31323a22303837373230363134303030223b733a363a22616c616d6174223b4e3b733a353a226c6576656c223b733a353a2241444d494e223b733a353a22746f6b656e223b733a34303a2234633930366131633335376335303962356665623638626538316434643937333939373635626231223b7d),
('ig65dlukbmij8vfqpjij1uae3e12ierb', '::1', 1562978566, 0x5f5f63695f6c6173745f726567656e65726174657c693a313536323937383536363b7573657253657373696f6e7c613a393a7b733a323a226964223b733a313a2231223b733a333a226e6970223b733a31303a2231313337303130303534223b733a31313a22646973706c61794e616d65223b733a31333a2253616e6469204d756c79616469223b733a31343a22646973706c617950696374757265223b4e3b733a353a22656d61696c223b733a32323a2273616e64696d766c7961646940676d61696c2e636f6d223b733a363a226b6f6e74616b223b733a31323a22303837373230363134303030223b733a363a22616c616d6174223b4e3b733a353a226c6576656c223b733a353a2241444d494e223b733a353a22746f6b656e223b733a34303a2234633930366131633335376335303962356665623638626538316434643937333939373635626231223b7d),
('nalmh5831d1rfjvohctcd4bh25pviket', '::1', 1562980702, 0x5f5f63695f6c6173745f726567656e65726174657c693a313536323938303730323b7573657253657373696f6e7c613a393a7b733a323a226964223b733a313a2231223b733a333a226e6970223b733a31303a2231313337303130303534223b733a31313a22646973706c61794e616d65223b733a31333a2253616e6469204d756c79616469223b733a31343a22646973706c617950696374757265223b4e3b733a353a22656d61696c223b733a32323a2273616e64696d766c7961646940676d61696c2e636f6d223b733a363a226b6f6e74616b223b733a31323a22303837373230363134303030223b733a363a22616c616d6174223b4e3b733a353a226c6576656c223b733a353a2241444d494e223b733a353a22746f6b656e223b733a34303a2234633930366131633335376335303962356665623638626538316434643937333939373635626231223b7d),
('892cdcvg6uus4kd1fm7a4c10ma972ctf', '::1', 1562981079, 0x5f5f63695f6c6173745f726567656e65726174657c693a313536323938313037393b7573657253657373696f6e7c613a393a7b733a323a226964223b733a313a2231223b733a333a226e6970223b733a31303a2231313337303130303534223b733a31313a22646973706c61794e616d65223b733a31333a2253616e6469204d756c79616469223b733a31343a22646973706c617950696374757265223b4e3b733a353a22656d61696c223b733a32323a2273616e64696d766c7961646940676d61696c2e636f6d223b733a363a226b6f6e74616b223b733a31323a22303837373230363134303030223b733a363a22616c616d6174223b4e3b733a353a226c6576656c223b733a353a2241444d494e223b733a353a22746f6b656e223b733a34303a2234633930366131633335376335303962356665623638626538316434643937333939373635626231223b7d),
('qts4rednjd77gfcliei52ua4qeup18lh', '::1', 1562981737, 0x5f5f63695f6c6173745f726567656e65726174657c693a313536323938313733373b7573657253657373696f6e7c613a393a7b733a323a226964223b733a313a2231223b733a333a226e6970223b733a31303a2231313337303130303534223b733a31313a22646973706c61794e616d65223b733a31333a2253616e6469204d756c79616469223b733a31343a22646973706c617950696374757265223b4e3b733a353a22656d61696c223b733a32323a2273616e64696d766c7961646940676d61696c2e636f6d223b733a363a226b6f6e74616b223b733a31323a22303837373230363134303030223b733a363a22616c616d6174223b4e3b733a353a226c6576656c223b733a353a2241444d494e223b733a353a22746f6b656e223b733a34303a2234633930366131633335376335303962356665623638626538316434643937333939373635626231223b7d),
('6773cf4dq1hhla0iadv8vl146finr0r8', '::1', 1562982269, 0x5f5f63695f6c6173745f726567656e65726174657c693a313536323938323236393b7573657253657373696f6e7c613a393a7b733a323a226964223b733a313a2231223b733a333a226e6970223b733a31303a2231313337303130303534223b733a31313a22646973706c61794e616d65223b733a31333a2253616e6469204d756c79616469223b733a31343a22646973706c617950696374757265223b4e3b733a353a22656d61696c223b733a32323a2273616e64696d766c7961646940676d61696c2e636f6d223b733a363a226b6f6e74616b223b733a31323a22303837373230363134303030223b733a363a22616c616d6174223b4e3b733a353a226c6576656c223b733a353a2241444d494e223b733a353a22746f6b656e223b733a34303a2234633930366131633335376335303962356665623638626538316434643937333939373635626231223b7d),
('cjdb4b3s5bqvj4cdc73eu917vd9shreo', '::1', 1562983238, 0x5f5f63695f6c6173745f726567656e65726174657c693a313536323938333233383b7573657253657373696f6e7c613a393a7b733a323a226964223b733a313a2231223b733a333a226e6970223b733a31303a2231313337303130303534223b733a31313a22646973706c61794e616d65223b733a31333a2253616e6469204d756c79616469223b733a31343a22646973706c617950696374757265223b4e3b733a353a22656d61696c223b733a32323a2273616e64696d766c7961646940676d61696c2e636f6d223b733a363a226b6f6e74616b223b733a31323a22303837373230363134303030223b733a363a22616c616d6174223b4e3b733a353a226c6576656c223b733a353a2241444d494e223b733a353a22746f6b656e223b733a34303a2234633930366131633335376335303962356665623638626538316434643937333939373635626231223b7d);
INSERT INTO `ci_sessions` (`id`, `ip_address`, `timestamp`, `data`) VALUES
('bnptkbkktarif66jpkj5ao6ed5au3tq8', '::1', 1562983719, 0x5f5f63695f6c6173745f726567656e65726174657c693a313536323938333731393b7573657253657373696f6e7c613a393a7b733a323a226964223b733a313a2231223b733a333a226e6970223b733a31303a2231313337303130303534223b733a31313a22646973706c61794e616d65223b733a31333a2253616e6469204d756c79616469223b733a31343a22646973706c617950696374757265223b4e3b733a353a22656d61696c223b733a32323a2273616e64696d766c7961646940676d61696c2e636f6d223b733a363a226b6f6e74616b223b733a31323a22303837373230363134303030223b733a363a22616c616d6174223b4e3b733a353a226c6576656c223b733a353a2241444d494e223b733a353a22746f6b656e223b733a34303a2234633930366131633335376335303962356665623638626538316434643937333939373635626231223b7d),
('tmjob6ofapa36c9ruiotdujr9kbg90m3', '::1', 1562986890, 0x5f5f63695f6c6173745f726567656e65726174657c693a313536323938363839303b7573657253657373696f6e7c613a393a7b733a323a226964223b733a313a2231223b733a333a226e6970223b733a31303a2231313337303130303534223b733a31313a22646973706c61794e616d65223b733a31333a2253616e6469204d756c79616469223b733a31343a22646973706c617950696374757265223b4e3b733a353a22656d61696c223b733a32323a2273616e64696d766c7961646940676d61696c2e636f6d223b733a363a226b6f6e74616b223b733a31323a22303837373230363134303030223b733a363a22616c616d6174223b4e3b733a353a226c6576656c223b733a353a2241444d494e223b733a353a22746f6b656e223b733a34303a2234633930366131633335376335303962356665623638626538316434643937333939373635626231223b7d),
('hthnqv605vht77u2idh5s6uua88solst', '::1', 1562987212, 0x5f5f63695f6c6173745f726567656e65726174657c693a313536323938373231323b7573657253657373696f6e7c613a393a7b733a323a226964223b733a313a2231223b733a333a226e6970223b733a31303a2231313337303130303534223b733a31313a22646973706c61794e616d65223b733a31333a2253616e6469204d756c79616469223b733a31343a22646973706c617950696374757265223b4e3b733a353a22656d61696c223b733a32323a2273616e64696d766c7961646940676d61696c2e636f6d223b733a363a226b6f6e74616b223b733a31323a22303837373230363134303030223b733a363a22616c616d6174223b4e3b733a353a226c6576656c223b733a353a2241444d494e223b733a353a22746f6b656e223b733a34303a2234633930366131633335376335303962356665623638626538316434643937333939373635626231223b7d),
('keouj2q8o0j33mbngr499eqngr3630gh', '::1', 1562987548, 0x5f5f63695f6c6173745f726567656e65726174657c693a313536323938373534383b7573657253657373696f6e7c613a393a7b733a323a226964223b733a313a2231223b733a333a226e6970223b733a31303a2231313337303130303534223b733a31313a22646973706c61794e616d65223b733a31333a2253616e6469204d756c79616469223b733a31343a22646973706c617950696374757265223b4e3b733a353a22656d61696c223b733a32323a2273616e64696d766c7961646940676d61696c2e636f6d223b733a363a226b6f6e74616b223b733a31323a22303837373230363134303030223b733a363a22616c616d6174223b4e3b733a353a226c6576656c223b733a353a2241444d494e223b733a353a22746f6b656e223b733a34303a2234633930366131633335376335303962356665623638626538316434643937333939373635626231223b7d),
('jfi1rbnjcf5idubveu0uapmksan35p4s', '::1', 1562988991, 0x5f5f63695f6c6173745f726567656e65726174657c693a313536323938383939313b7573657253657373696f6e7c613a393a7b733a323a226964223b733a313a2231223b733a333a226e6970223b733a31303a2231313337303130303534223b733a31313a22646973706c61794e616d65223b733a31333a2253616e6469204d756c79616469223b733a31343a22646973706c617950696374757265223b4e3b733a353a22656d61696c223b733a32323a2273616e64696d766c7961646940676d61696c2e636f6d223b733a363a226b6f6e74616b223b733a31323a22303837373230363134303030223b733a363a22616c616d6174223b4e3b733a353a226c6576656c223b733a353a2241444d494e223b733a353a22746f6b656e223b733a34303a2234633930366131633335376335303962356665623638626538316434643937333939373635626231223b7d),
('8brt5bkih52boat9n3snnj5jmd2arbm2', '::1', 1562989479, 0x5f5f63695f6c6173745f726567656e65726174657c693a313536323938393437393b7573657253657373696f6e7c613a393a7b733a323a226964223b733a313a2231223b733a333a226e6970223b733a31303a2231313337303130303534223b733a31313a22646973706c61794e616d65223b733a31333a2253616e6469204d756c79616469223b733a31343a22646973706c617950696374757265223b4e3b733a353a22656d61696c223b733a32323a2273616e64696d766c7961646940676d61696c2e636f6d223b733a363a226b6f6e74616b223b733a31323a22303837373230363134303030223b733a363a22616c616d6174223b4e3b733a353a226c6576656c223b733a353a2241444d494e223b733a353a22746f6b656e223b733a34303a2234633930366131633335376335303962356665623638626538316434643937333939373635626231223b7d),
('qfbompgmfqrip34vm3u2nksmka7372pt', '::1', 1562989896, 0x5f5f63695f6c6173745f726567656e65726174657c693a313536323938393839363b7573657253657373696f6e7c613a393a7b733a323a226964223b733a313a2231223b733a333a226e6970223b733a31303a2231313337303130303534223b733a31313a22646973706c61794e616d65223b733a31333a2253616e6469204d756c79616469223b733a31343a22646973706c617950696374757265223b4e3b733a353a22656d61696c223b733a32323a2273616e64696d766c7961646940676d61696c2e636f6d223b733a363a226b6f6e74616b223b733a31323a22303837373230363134303030223b733a363a22616c616d6174223b4e3b733a353a226c6576656c223b733a353a2241444d494e223b733a353a22746f6b656e223b733a34303a2234633930366131633335376335303962356665623638626538316434643937333939373635626231223b7d),
('ukbs7n9bjgchtadjtj6p9cn61pue0ap1', '::1', 1562990339, 0x5f5f63695f6c6173745f726567656e65726174657c693a313536323939303333393b7573657253657373696f6e7c613a393a7b733a323a226964223b733a313a2231223b733a333a226e6970223b733a31303a2231313337303130303534223b733a31313a22646973706c61794e616d65223b733a31333a2253616e6469204d756c79616469223b733a31343a22646973706c617950696374757265223b4e3b733a353a22656d61696c223b733a32323a2273616e64696d766c7961646940676d61696c2e636f6d223b733a363a226b6f6e74616b223b733a31323a22303837373230363134303030223b733a363a22616c616d6174223b4e3b733a353a226c6576656c223b733a353a2241444d494e223b733a353a22746f6b656e223b733a34303a2234633930366131633335376335303962356665623638626538316434643937333939373635626231223b7d),
('2hmt7v7s4fn9kam59esvndj0d64gb4t4', '::1', 1562990911, 0x5f5f63695f6c6173745f726567656e65726174657c693a313536323939303931313b7573657253657373696f6e7c613a393a7b733a323a226964223b733a313a2231223b733a333a226e6970223b733a31303a2231313337303130303534223b733a31313a22646973706c61794e616d65223b733a31333a2253616e6469204d756c79616469223b733a31343a22646973706c617950696374757265223b4e3b733a353a22656d61696c223b733a32323a2273616e64696d766c7961646940676d61696c2e636f6d223b733a363a226b6f6e74616b223b733a31323a22303837373230363134303030223b733a363a22616c616d6174223b4e3b733a353a226c6576656c223b733a353a2241444d494e223b733a353a22746f6b656e223b733a34303a2234633930366131633335376335303962356665623638626538316434643937333939373635626231223b7d),
('ckh979faprt6o9g6kb36b6l6l48u8fbs', '::1', 1562991218, 0x5f5f63695f6c6173745f726567656e65726174657c693a313536323939313231383b7573657253657373696f6e7c613a393a7b733a323a226964223b733a313a2231223b733a333a226e6970223b733a31303a2231313337303130303534223b733a31313a22646973706c61794e616d65223b733a31333a2253616e6469204d756c79616469223b733a31343a22646973706c617950696374757265223b4e3b733a353a22656d61696c223b733a32323a2273616e64696d766c7961646940676d61696c2e636f6d223b733a363a226b6f6e74616b223b733a31323a22303837373230363134303030223b733a363a22616c616d6174223b4e3b733a353a226c6576656c223b733a353a2241444d494e223b733a353a22746f6b656e223b733a34303a2234633930366131633335376335303962356665623638626538316434643937333939373635626231223b7d),
('l810l5kqu0luhbdokj61f4ohm7qqquqk', '::1', 1562993770, 0x5f5f63695f6c6173745f726567656e65726174657c693a313536323939333737303b7573657253657373696f6e7c613a393a7b733a323a226964223b733a313a2231223b733a333a226e6970223b733a31303a2231313337303130303534223b733a31313a22646973706c61794e616d65223b733a31333a2253616e6469204d756c79616469223b733a31343a22646973706c617950696374757265223b4e3b733a353a22656d61696c223b733a32323a2273616e64696d766c7961646940676d61696c2e636f6d223b733a363a226b6f6e74616b223b733a31323a22303837373230363134303030223b733a363a22616c616d6174223b4e3b733a353a226c6576656c223b733a353a2241444d494e223b733a353a22746f6b656e223b733a34303a2234633930366131633335376335303962356665623638626538316434643937333939373635626231223b7d),
('jmehadg6poj1apnhgpbd21269d3vjovh', '::1', 1562995213, 0x5f5f63695f6c6173745f726567656e65726174657c693a313536323939353231333b7573657253657373696f6e7c613a393a7b733a323a226964223b733a313a2231223b733a333a226e6970223b733a31303a2231313337303130303534223b733a31313a22646973706c61794e616d65223b733a31333a2253616e6469204d756c79616469223b733a31343a22646973706c617950696374757265223b4e3b733a353a22656d61696c223b733a32323a2273616e64696d766c7961646940676d61696c2e636f6d223b733a363a226b6f6e74616b223b733a31323a22303837373230363134303030223b733a363a22616c616d6174223b4e3b733a353a226c6576656c223b733a353a2241444d494e223b733a353a22746f6b656e223b733a34303a2234633930366131633335376335303962356665623638626538316434643937333939373635626231223b7d),
('62f5f3cfhrlcjtr8qppq96mlus5o4qp9', '::1', 1562995583, 0x5f5f63695f6c6173745f726567656e65726174657c693a313536323939353538333b7573657253657373696f6e7c613a393a7b733a323a226964223b733a313a2231223b733a333a226e6970223b733a31303a2231313337303130303534223b733a31313a22646973706c61794e616d65223b733a31333a2253616e6469204d756c79616469223b733a31343a22646973706c617950696374757265223b4e3b733a353a22656d61696c223b733a32323a2273616e64696d766c7961646940676d61696c2e636f6d223b733a363a226b6f6e74616b223b733a31323a22303837373230363134303030223b733a363a22616c616d6174223b4e3b733a353a226c6576656c223b733a353a2241444d494e223b733a353a22746f6b656e223b733a34303a2234633930366131633335376335303962356665623638626538316434643937333939373635626231223b7d),
('ngjitstt1nmb5gnv5cm29mj9jqo76j51', '::1', 1562997804, 0x5f5f63695f6c6173745f726567656e65726174657c693a313536323939373830343b7573657253657373696f6e7c613a393a7b733a323a226964223b733a313a2231223b733a333a226e6970223b733a31303a2231313337303130303534223b733a31313a22646973706c61794e616d65223b733a31333a2253616e6469204d756c79616469223b733a31343a22646973706c617950696374757265223b4e3b733a353a22656d61696c223b733a32323a2273616e64696d766c7961646940676d61696c2e636f6d223b733a363a226b6f6e74616b223b733a31323a22303837373230363134303030223b733a363a22616c616d6174223b4e3b733a353a226c6576656c223b733a353a2241444d494e223b733a353a22746f6b656e223b733a34303a2234633930366131633335376335303962356665623638626538316434643937333939373635626231223b7d),
('k2a2626o5ngks1kpks7bl94o59s7ck8n', '::1', 1562998125, 0x5f5f63695f6c6173745f726567656e65726174657c693a313536323939383132353b7573657253657373696f6e7c613a393a7b733a323a226964223b733a313a2231223b733a333a226e6970223b733a31303a2231313337303130303534223b733a31313a22646973706c61794e616d65223b733a31333a2253616e6469204d756c79616469223b733a31343a22646973706c617950696374757265223b4e3b733a353a22656d61696c223b733a32323a2273616e64696d766c7961646940676d61696c2e636f6d223b733a363a226b6f6e74616b223b733a31323a22303837373230363134303030223b733a363a22616c616d6174223b4e3b733a353a226c6576656c223b733a353a2241444d494e223b733a353a22746f6b656e223b733a34303a2234633930366131633335376335303962356665623638626538316434643937333939373635626231223b7d),
('h0n72tji71u2222tdj1nqfeiu8fb7fgp', '::1', 1562998428, 0x5f5f63695f6c6173745f726567656e65726174657c693a313536323939383432383b7573657253657373696f6e7c613a393a7b733a323a226964223b733a313a2231223b733a333a226e6970223b733a31303a2231313337303130303534223b733a31313a22646973706c61794e616d65223b733a31333a2253616e6469204d756c79616469223b733a31343a22646973706c617950696374757265223b4e3b733a353a22656d61696c223b733a32323a2273616e64696d766c7961646940676d61696c2e636f6d223b733a363a226b6f6e74616b223b733a31323a22303837373230363134303030223b733a363a22616c616d6174223b4e3b733a353a226c6576656c223b733a353a2241444d494e223b733a353a22746f6b656e223b733a34303a2234633930366131633335376335303962356665623638626538316434643937333939373635626231223b7d),
('niktg85rtcu8on9oov18dpjol1rkpq0v', '::1', 1562998739, 0x5f5f63695f6c6173745f726567656e65726174657c693a313536323939383733393b7573657253657373696f6e7c613a393a7b733a323a226964223b733a313a2231223b733a333a226e6970223b733a31303a2231313337303130303534223b733a31313a22646973706c61794e616d65223b733a31333a2253616e6469204d756c79616469223b733a31343a22646973706c617950696374757265223b4e3b733a353a22656d61696c223b733a32323a2273616e64696d766c7961646940676d61696c2e636f6d223b733a363a226b6f6e74616b223b733a31323a22303837373230363134303030223b733a363a22616c616d6174223b4e3b733a353a226c6576656c223b733a353a2241444d494e223b733a353a22746f6b656e223b733a34303a2234633930366131633335376335303962356665623638626538316434643937333939373635626231223b7d),
('khagt23p3fplkpmkrdjh9cluspiv5vue', '::1', 1562998740, 0x5f5f63695f6c6173745f726567656e65726174657c693a313536323939383733393b7573657253657373696f6e7c613a393a7b733a323a226964223b733a313a2231223b733a333a226e6970223b733a31303a2231313337303130303534223b733a31313a22646973706c61794e616d65223b733a31333a2253616e6469204d756c79616469223b733a31343a22646973706c617950696374757265223b4e3b733a353a22656d61696c223b733a32323a2273616e64696d766c7961646940676d61696c2e636f6d223b733a363a226b6f6e74616b223b733a31323a22303837373230363134303030223b733a363a22616c616d6174223b4e3b733a353a226c6576656c223b733a353a2241444d494e223b733a353a22746f6b656e223b733a34303a2234633930366131633335376335303962356665623638626538316434643937333939373635626231223b7d),
('n9tlclo0f76eui0gvj9pj16v99bjrrdi', '::1', 1563012195, 0x5f5f63695f6c6173745f726567656e65726174657c693a313536333031323139353b7573657253657373696f6e7c613a393a7b733a323a226964223b733a313a2232223b733a333a226e6970223b733a31303a2231313337303130303131223b733a31313a22646973706c61794e616d65223b733a31303a22546f6b65204869626572223b733a31343a22646973706c617950696374757265223b4e3b733a353a22656d61696c223b733a31393a22746f6b65686962657240676d61696c2e636f6d223b733a363a226b6f6e74616b223b733a303a22223b733a363a22616c616d6174223b733a303a22223b733a353a226c6576656c223b733a373a2250454741574149223b733a353a22746f6b656e223b733a34303a2233383466336132336231613432373661646564666637646332656263376466663164643565353965223b7d),
('e28a5k1al52ju6mrkvg8k68b1v9hq700', '::1', 1563012779, 0x5f5f63695f6c6173745f726567656e65726174657c693a313536333031323737393b7573657253657373696f6e7c613a393a7b733a323a226964223b733a313a2231223b733a333a226e6970223b733a31303a2231313337303130303534223b733a31313a22646973706c61794e616d65223b733a31333a2253616e6469204d756c79616469223b733a31343a22646973706c617950696374757265223b4e3b733a353a22656d61696c223b733a32323a2273616e64696d766c7961646940676d61696c2e636f6d223b733a363a226b6f6e74616b223b733a31323a22303837373230363134303030223b733a363a22616c616d6174223b4e3b733a353a226c6576656c223b733a353a2241444d494e223b733a353a22746f6b656e223b733a34303a2239656464393439373036386436656239333830653765666565326334346266386266333164303039223b7d),
('36fbj9hf0ahjfc4qlm1b2lg9b8kl01nn', '::1', 1563013161, 0x5f5f63695f6c6173745f726567656e65726174657c693a313536333031333136313b7573657253657373696f6e7c613a393a7b733a323a226964223b733a313a2232223b733a333a226e6970223b733a31303a2231313337303130303131223b733a31313a22646973706c61794e616d65223b733a31303a22546f6b65204869626572223b733a31343a22646973706c617950696374757265223b4e3b733a353a22656d61696c223b733a31393a22746f6b65686962657240676d61696c2e636f6d223b733a363a226b6f6e74616b223b733a303a22223b733a363a22616c616d6174223b733a303a22223b733a353a226c6576656c223b733a373a2250454741574149223b733a353a22746f6b656e223b733a34303a2263333037333536363131663837333231663333616534623039646330333063656166373836626664223b7d),
('eod612p1g36kgce8svlim7k9a7jf02si', '::1', 1563013508, 0x5f5f63695f6c6173745f726567656e65726174657c693a313536333031333530383b7573657253657373696f6e7c613a393a7b733a323a226964223b733a313a2232223b733a333a226e6970223b733a31303a2231313337303130303131223b733a31313a22646973706c61794e616d65223b733a31303a22546f6b65204869626572223b733a31343a22646973706c617950696374757265223b4e3b733a353a22656d61696c223b733a31393a22746f6b65686962657240676d61696c2e636f6d223b733a363a226b6f6e74616b223b733a303a22223b733a363a22616c616d6174223b733a303a22223b733a353a226c6576656c223b733a373a2250454741574149223b733a353a22746f6b656e223b733a34303a2263333037333536363131663837333231663333616534623039646330333063656166373836626664223b7d),
('hih05l7purioq53daehhp3ag7ddb1q72', '::1', 1563013947, 0x5f5f63695f6c6173745f726567656e65726174657c693a313536333031333934373b7573657253657373696f6e7c613a393a7b733a323a226964223b733a313a2231223b733a333a226e6970223b733a31303a2231313337303130303534223b733a31313a22646973706c61794e616d65223b733a31333a2253616e6469204d756c79616469223b733a31343a22646973706c617950696374757265223b4e3b733a353a22656d61696c223b733a32323a2273616e64696d766c7961646940676d61696c2e636f6d223b733a363a226b6f6e74616b223b733a31323a22303837373230363134303030223b733a363a22616c616d6174223b4e3b733a353a226c6576656c223b733a353a2241444d494e223b733a353a22746f6b656e223b733a34303a2236333364653063666464613934653461363837323065363839656232366362353637336335396236223b7d),
('m39jf6fcj7vl47u1t5f58qi0dlggep1r', '::1', 1563014269, 0x5f5f63695f6c6173745f726567656e65726174657c693a313536333031343236393b7573657253657373696f6e7c613a393a7b733a323a226964223b733a313a2231223b733a333a226e6970223b733a31303a2231313337303130303534223b733a31313a22646973706c61794e616d65223b733a31333a2253616e6469204d756c79616469223b733a31343a22646973706c617950696374757265223b4e3b733a353a22656d61696c223b733a32323a2273616e64696d766c7961646940676d61696c2e636f6d223b733a363a226b6f6e74616b223b733a31323a22303837373230363134303030223b733a363a22616c616d6174223b4e3b733a353a226c6576656c223b733a353a2241444d494e223b733a353a22746f6b656e223b733a34303a2236333364653063666464613934653461363837323065363839656232366362353637336335396236223b7d),
('ulom2te3kqf5iih7pmo0k86pfp4a6onn', '::1', 1563014591, 0x5f5f63695f6c6173745f726567656e65726174657c693a313536333031343539313b7573657253657373696f6e7c613a393a7b733a323a226964223b733a313a2231223b733a333a226e6970223b733a31303a2231313337303130303534223b733a31313a22646973706c61794e616d65223b733a31333a2253616e6469204d756c79616469223b733a31343a22646973706c617950696374757265223b4e3b733a353a22656d61696c223b733a32323a2273616e64696d766c7961646940676d61696c2e636f6d223b733a363a226b6f6e74616b223b733a31323a22303837373230363134303030223b733a363a22616c616d6174223b4e3b733a353a226c6576656c223b733a353a2241444d494e223b733a353a22746f6b656e223b733a34303a2236333364653063666464613934653461363837323065363839656232366362353637336335396236223b7d),
('1uujkghq3mr4l68dtbb2secs1vmk3rok', '::1', 1563014896, 0x5f5f63695f6c6173745f726567656e65726174657c693a313536333031343839363b7573657253657373696f6e7c613a393a7b733a323a226964223b733a313a2231223b733a333a226e6970223b733a31303a2231313337303130303534223b733a31313a22646973706c61794e616d65223b733a31333a2253616e6469204d756c79616469223b733a31343a22646973706c617950696374757265223b4e3b733a353a22656d61696c223b733a32323a2273616e64696d766c7961646940676d61696c2e636f6d223b733a363a226b6f6e74616b223b733a31323a22303837373230363134303030223b733a363a22616c616d6174223b4e3b733a353a226c6576656c223b733a353a2241444d494e223b733a353a22746f6b656e223b733a34303a2236333364653063666464613934653461363837323065363839656232366362353637336335396236223b7d),
('sbe82gibuspe8ma559f8n70blg5vfgkm', '::1', 1563014897, 0x5f5f63695f6c6173745f726567656e65726174657c693a313536333031343839363b7573657253657373696f6e7c613a393a7b733a323a226964223b733a313a2231223b733a333a226e6970223b733a31303a2231313337303130303534223b733a31313a22646973706c61794e616d65223b733a31333a2253616e6469204d756c79616469223b733a31343a22646973706c617950696374757265223b4e3b733a353a22656d61696c223b733a32323a2273616e64696d766c7961646940676d61696c2e636f6d223b733a363a226b6f6e74616b223b733a31323a22303837373230363134303030223b733a363a22616c616d6174223b4e3b733a353a226c6576656c223b733a353a2241444d494e223b733a353a22746f6b656e223b733a34303a2236333364653063666464613934653461363837323065363839656232366362353637336335396236223b7d),
('dfsda01c8qhkiigmc1ad5qtrhetv8ha6', '::1', 1563153846, 0x5f5f63695f6c6173745f726567656e65726174657c693a313536333135333834363b7573657253657373696f6e7c613a393a7b733a323a226964223b733a313a2231223b733a333a226e6970223b733a31303a2231313337303130303534223b733a31313a22646973706c61794e616d65223b733a31333a2253616e6469204d756c79616469223b733a31343a22646973706c617950696374757265223b4e3b733a353a22656d61696c223b733a32323a2273616e64696d766c7961646940676d61696c2e636f6d223b733a363a226b6f6e74616b223b733a31323a22303837373230363134303030223b733a363a22616c616d6174223b4e3b733a353a226c6576656c223b733a353a2241444d494e223b733a353a22746f6b656e223b733a34303a2266326665313863363430333236303839616463356562333831623764353262633332363639356536223b7d),
('1icnleorbetcfuka2pcgmtovcmpkbiif', '::1', 1563154182, 0x5f5f63695f6c6173745f726567656e65726174657c693a313536333135343138323b7573657253657373696f6e7c613a393a7b733a323a226964223b733a313a2231223b733a333a226e6970223b733a31303a2231313337303130303534223b733a31313a22646973706c61794e616d65223b733a31333a2253616e6469204d756c79616469223b733a31343a22646973706c617950696374757265223b4e3b733a353a22656d61696c223b733a32323a2273616e64696d766c7961646940676d61696c2e636f6d223b733a363a226b6f6e74616b223b733a31323a22303837373230363134303030223b733a363a22616c616d6174223b4e3b733a353a226c6576656c223b733a353a2241444d494e223b733a353a22746f6b656e223b733a34303a2266326665313863363430333236303839616463356562333831623764353262633332363639356536223b7d),
('2m7n76a1v8s0pgjdbd6cfjfbnm315pli', '::1', 1563155732, 0x5f5f63695f6c6173745f726567656e65726174657c693a313536333135353733323b7573657253657373696f6e7c613a393a7b733a323a226964223b733a313a2231223b733a333a226e6970223b733a31303a2231313337303130303534223b733a31313a22646973706c61794e616d65223b733a31333a2253616e6469204d756c79616469223b733a31343a22646973706c617950696374757265223b4e3b733a353a22656d61696c223b733a32323a2273616e64696d766c7961646940676d61696c2e636f6d223b733a363a226b6f6e74616b223b733a31323a22303837373230363134303030223b733a363a22616c616d6174223b4e3b733a353a226c6576656c223b733a353a2241444d494e223b733a353a22746f6b656e223b733a34303a2266326665313863363430333236303839616463356562333831623764353262633332363639356536223b7d),
('qas2lj5f5mmo3n4hjc8kahbusga9rc86', '::1', 1563156168, 0x5f5f63695f6c6173745f726567656e65726174657c693a313536333135363136383b7573657253657373696f6e7c613a393a7b733a323a226964223b733a313a2231223b733a333a226e6970223b733a31303a2231313337303130303534223b733a31313a22646973706c61794e616d65223b733a31333a2253616e6469204d756c79616469223b733a31343a22646973706c617950696374757265223b4e3b733a353a22656d61696c223b733a32323a2273616e64696d766c7961646940676d61696c2e636f6d223b733a363a226b6f6e74616b223b733a31323a22303837373230363134303030223b733a363a22616c616d6174223b4e3b733a353a226c6576656c223b733a353a2241444d494e223b733a353a22746f6b656e223b733a34303a2266326665313863363430333236303839616463356562333831623764353262633332363639356536223b7d),
('i20s5hr6pg03sc01hpunirevfao50vdg', '::1', 1563156609, 0x5f5f63695f6c6173745f726567656e65726174657c693a313536333135363630393b7573657253657373696f6e7c613a393a7b733a323a226964223b733a313a2231223b733a333a226e6970223b733a31303a2231313337303130303534223b733a31313a22646973706c61794e616d65223b733a31333a2253616e6469204d756c79616469223b733a31343a22646973706c617950696374757265223b4e3b733a353a22656d61696c223b733a32323a2273616e64696d766c7961646940676d61696c2e636f6d223b733a363a226b6f6e74616b223b733a31323a22303837373230363134303030223b733a363a22616c616d6174223b4e3b733a353a226c6576656c223b733a353a2241444d494e223b733a353a22746f6b656e223b733a34303a2266326665313863363430333236303839616463356562333831623764353262633332363639356536223b7d),
('np9bhk9a51vavodkqv933gko3v8u0k17', '::1', 1563161512, 0x5f5f63695f6c6173745f726567656e65726174657c693a313536333136313531323b),
('p796i0gj28agb8jsenqqmisq2uptbn1c', '::1', 1563161728, 0x5f5f63695f6c6173745f726567656e65726174657c693a313536333136313531323b7573657253657373696f6e7c613a393a7b733a323a226964223b733a313a2231223b733a333a226e6970223b733a31303a2231313337303130303534223b733a31313a22646973706c61794e616d65223b733a31333a2253616e6469204d756c79616469223b733a31343a22646973706c617950696374757265223b4e3b733a353a22656d61696c223b733a32323a2273616e64696d766c7961646940676d61696c2e636f6d223b733a363a226b6f6e74616b223b733a31323a22303837373230363134303030223b733a363a22616c616d6174223b4e3b733a353a226c6576656c223b733a353a2241444d494e223b733a353a22746f6b656e223b733a34303a2264653364313962623232343539626536303338303863306433303264343666646439366634663336223b7d),
('jne5ugd1snb8ff2jk8tjtgquu69en49p', '192.168.5.1', 1564325607, 0x5f5f63695f6c6173745f726567656e65726174657c693a313536343332353538353b7573657253657373696f6e7c613a393a7b733a323a226964223b733a313a2231223b733a333a226e6970223b733a31303a2231313337303130303534223b733a31313a22646973706c61794e616d65223b733a31333a2253616e6469204d756c79616469223b733a31343a22646973706c617950696374757265223b4e3b733a353a22656d61696c223b733a32323a2273616e64696d766c7961646940676d61696c2e636f6d223b733a363a226b6f6e74616b223b733a31323a22303837373230363134303030223b733a363a22616c616d6174223b4e3b733a353a226c6576656c223b733a353a2241444d494e223b733a353a22746f6b656e223b733a34303a2231616537303638636337333137396335363530356434643033396336366130303130343136613535223b7d),
('jne5ugd1snb8ff2jk8tjtgquu69en49p', '192.168.5.77', 1564325685, 0x5f5f63695f6c6173745f726567656e65726174657c693a313536343332353633333b7573657253657373696f6e7c613a393a7b733a323a226964223b733a313a2231223b733a333a226e6970223b733a31303a2231313337303130303534223b733a31313a22646973706c61794e616d65223b733a31333a2253616e6469204d756c79616469223b733a31343a22646973706c617950696374757265223b4e3b733a353a22656d61696c223b733a32323a2273616e64696d766c7961646940676d61696c2e636f6d223b733a363a226b6f6e74616b223b733a31323a22303837373230363134303030223b733a363a22616c616d6174223b4e3b733a353a226c6576656c223b733a353a2241444d494e223b733a353a22746f6b656e223b733a34303a2261303833373864633236633865373566663063633462643933643532393337316661633861346261223b7d),
('j7vq5kgf2o75c2tfrg3huqonjj3c4623', '::1', 1565098363, 0x5f5f63695f6c6173745f726567656e65726174657c693a313536353039383336333b7573657253657373696f6e7c613a393a7b733a323a226964223b733a313a2231223b733a333a226e6970223b733a31303a2231313337303130303534223b733a31313a22646973706c61794e616d65223b733a31333a2253616e6469204d756c79616469223b733a31343a22646973706c617950696374757265223b4e3b733a353a22656d61696c223b733a32323a2273616e64696d766c7961646940676d61696c2e636f6d223b733a363a226b6f6e74616b223b733a31323a22303837373230363134303030223b733a363a22616c616d6174223b4e3b733a353a226c6576656c223b733a353a2241444d494e223b733a353a22746f6b656e223b733a34303a2233323332306134363538663663303734326232313466363066396531366433383161326666366436223b7d),
('5gurbjk7ofmtps172bondj16cdqaksq8', '::1', 1565098786, 0x5f5f63695f6c6173745f726567656e65726174657c693a313536353039383738363b7573657253657373696f6e7c613a393a7b733a323a226964223b733a313a2231223b733a333a226e6970223b733a31303a2231313337303130303534223b733a31313a22646973706c61794e616d65223b733a31333a2253616e6469204d756c79616469223b733a31343a22646973706c617950696374757265223b4e3b733a353a22656d61696c223b733a32323a2273616e64696d766c7961646940676d61696c2e636f6d223b733a363a226b6f6e74616b223b733a31323a22303837373230363134303030223b733a363a22616c616d6174223b4e3b733a353a226c6576656c223b733a353a2241444d494e223b733a353a22746f6b656e223b733a34303a2233323332306134363538663663303734326232313466363066396531366433383161326666366436223b7d),
('kotr4dvovdcm00s2abtodp29qjm8gqou', '::1', 1565099218, 0x5f5f63695f6c6173745f726567656e65726174657c693a313536353039393231383b7573657253657373696f6e7c613a393a7b733a323a226964223b733a313a2231223b733a333a226e6970223b733a31303a2231313337303130303534223b733a31313a22646973706c61794e616d65223b733a31333a2253616e6469204d756c79616469223b733a31343a22646973706c617950696374757265223b4e3b733a353a22656d61696c223b733a32323a2273616e64696d766c7961646940676d61696c2e636f6d223b733a363a226b6f6e74616b223b733a31323a22303837373230363134303030223b733a363a22616c616d6174223b4e3b733a353a226c6576656c223b733a353a2241444d494e223b733a353a22746f6b656e223b733a34303a2233323332306134363538663663303734326232313466363066396531366433383161326666366436223b7d),
('h4j2857clkmlc32mc2aajd28n6g7gm21', '::1', 1565099382, 0x5f5f63695f6c6173745f726567656e65726174657c693a313536353039393338323b),
('tj7e58hsit810d7aff5q2comfoaqhcb8', '::1', 1565139913, 0x5f5f63695f6c6173745f726567656e65726174657c693a313536353133393931333b7573657253657373696f6e7c613a393a7b733a323a226964223b733a313a2231223b733a333a226e6970223b733a31303a2231313337303130303534223b733a31313a22646973706c61794e616d65223b733a31333a2253616e6469204d756c79616469223b733a31343a22646973706c617950696374757265223b4e3b733a353a22656d61696c223b733a32323a2273616e64696d766c7961646940676d61696c2e636f6d223b733a363a226b6f6e74616b223b733a31323a22303837373230363134303030223b733a363a22616c616d6174223b4e3b733a353a226c6576656c223b733a353a2241444d494e223b733a353a22746f6b656e223b733a34303a2264313837316364666635323734303433343832313232656538666264316138666635633530346362223b7d),
('csju0r47h953palrhaq1fr6cd596foq9', '::1', 1565140219, 0x5f5f63695f6c6173745f726567656e65726174657c693a313536353134303231393b7573657253657373696f6e7c613a393a7b733a323a226964223b733a313a2231223b733a333a226e6970223b733a31303a2231313337303130303534223b733a31313a22646973706c61794e616d65223b733a31333a2253616e6469204d756c79616469223b733a31343a22646973706c617950696374757265223b4e3b733a353a22656d61696c223b733a32323a2273616e64696d766c7961646940676d61696c2e636f6d223b733a363a226b6f6e74616b223b733a31323a22303837373230363134303030223b733a363a22616c616d6174223b4e3b733a353a226c6576656c223b733a353a2241444d494e223b733a353a22746f6b656e223b733a34303a2264313837316364666635323734303433343832313232656538666264316138666635633530346362223b7d),
('edeh55jsu7ar1kdedco9obqcjntemt8g', '::1', 1565140549, 0x5f5f63695f6c6173745f726567656e65726174657c693a313536353134303534393b7573657253657373696f6e7c613a393a7b733a323a226964223b733a313a2231223b733a333a226e6970223b733a31303a2231313337303130303534223b733a31313a22646973706c61794e616d65223b733a31333a2253616e6469204d756c79616469223b733a31343a22646973706c617950696374757265223b4e3b733a353a22656d61696c223b733a32323a2273616e64696d766c7961646940676d61696c2e636f6d223b733a363a226b6f6e74616b223b733a31323a22303837373230363134303030223b733a363a22616c616d6174223b4e3b733a353a226c6576656c223b733a353a2241444d494e223b733a353a22746f6b656e223b733a34303a2264313837316364666635323734303433343832313232656538666264316138666635633530346362223b7d),
('hpcaclmaj8dtcolat69odae28uo3obqt', '::1', 1565140852, 0x5f5f63695f6c6173745f726567656e65726174657c693a313536353134303835323b7573657253657373696f6e7c613a393a7b733a323a226964223b733a313a2231223b733a333a226e6970223b733a31303a2231313337303130303534223b733a31313a22646973706c61794e616d65223b733a31333a2253616e6469204d756c79616469223b733a31343a22646973706c617950696374757265223b4e3b733a353a22656d61696c223b733a32323a2273616e64696d766c7961646940676d61696c2e636f6d223b733a363a226b6f6e74616b223b733a31323a22303837373230363134303030223b733a363a22616c616d6174223b4e3b733a353a226c6576656c223b733a353a2241444d494e223b733a353a22746f6b656e223b733a34303a2264313837316364666635323734303433343832313232656538666264316138666635633530346362223b7d),
('fq9h815k2d40ba49mjdmf8mpi39a8n26', '::1', 1565141207, 0x5f5f63695f6c6173745f726567656e65726174657c693a313536353134313230373b7573657253657373696f6e7c613a393a7b733a323a226964223b733a313a2231223b733a333a226e6970223b733a31303a2231313337303130303534223b733a31313a22646973706c61794e616d65223b733a31333a2253616e6469204d756c79616469223b733a31343a22646973706c617950696374757265223b4e3b733a353a22656d61696c223b733a32323a2273616e64696d766c7961646940676d61696c2e636f6d223b733a363a226b6f6e74616b223b733a31323a22303837373230363134303030223b733a363a22616c616d6174223b4e3b733a353a226c6576656c223b733a353a2241444d494e223b733a353a22746f6b656e223b733a34303a2264313837316364666635323734303433343832313232656538666264316138666635633530346362223b7d),
('tchfnrakh6lcfibs4tett1iqejjokoui', '::1', 1565141531, 0x5f5f63695f6c6173745f726567656e65726174657c693a313536353134313533313b7573657253657373696f6e7c613a393a7b733a323a226964223b733a313a2231223b733a333a226e6970223b733a31303a2231313337303130303534223b733a31313a22646973706c61794e616d65223b733a31333a2253616e6469204d756c79616469223b733a31343a22646973706c617950696374757265223b4e3b733a353a22656d61696c223b733a32323a2273616e64696d766c7961646940676d61696c2e636f6d223b733a363a226b6f6e74616b223b733a31323a22303837373230363134303030223b733a363a22616c616d6174223b4e3b733a353a226c6576656c223b733a353a2241444d494e223b733a353a22746f6b656e223b733a34303a2264313837316364666635323734303433343832313232656538666264316138666635633530346362223b7d),
('vpi9f76fckblvcn0j96bapc4co0m0c5d', '::1', 1565141838, 0x5f5f63695f6c6173745f726567656e65726174657c693a313536353134313833383b7573657253657373696f6e7c613a393a7b733a323a226964223b733a313a2231223b733a333a226e6970223b733a31303a2231313337303130303534223b733a31313a22646973706c61794e616d65223b733a31333a2253616e6469204d756c79616469223b733a31343a22646973706c617950696374757265223b4e3b733a353a22656d61696c223b733a32323a2273616e64696d766c7961646940676d61696c2e636f6d223b733a363a226b6f6e74616b223b733a31323a22303837373230363134303030223b733a363a22616c616d6174223b4e3b733a353a226c6576656c223b733a353a2241444d494e223b733a353a22746f6b656e223b733a34303a2264313837316364666635323734303433343832313232656538666264316138666635633530346362223b7d),
('2vofhsheirur3k6bnurc5tug3ljiiql8', '::1', 1565142158, 0x5f5f63695f6c6173745f726567656e65726174657c693a313536353134323135383b7573657253657373696f6e7c613a393a7b733a323a226964223b733a313a2231223b733a333a226e6970223b733a31303a2231313337303130303534223b733a31313a22646973706c61794e616d65223b733a31333a2253616e6469204d756c79616469223b733a31343a22646973706c617950696374757265223b4e3b733a353a22656d61696c223b733a32323a2273616e64696d766c7961646940676d61696c2e636f6d223b733a363a226b6f6e74616b223b733a31323a22303837373230363134303030223b733a363a22616c616d6174223b4e3b733a353a226c6576656c223b733a353a2241444d494e223b733a353a22746f6b656e223b733a34303a2264313837316364666635323734303433343832313232656538666264316138666635633530346362223b7d),
('qslcokpvs12fdt0dr5q4gksnq4uodqen', '::1', 1565143293, 0x5f5f63695f6c6173745f726567656e65726174657c693a313536353134333239333b7573657253657373696f6e7c613a393a7b733a323a226964223b733a313a2231223b733a333a226e6970223b733a31303a2231313337303130303534223b733a31313a22646973706c61794e616d65223b733a31333a2253616e6469204d756c79616469223b733a31343a22646973706c617950696374757265223b4e3b733a353a22656d61696c223b733a32323a2273616e64696d766c7961646940676d61696c2e636f6d223b733a363a226b6f6e74616b223b733a31323a22303837373230363134303030223b733a363a22616c616d6174223b4e3b733a353a226c6576656c223b733a353a2241444d494e223b733a353a22746f6b656e223b733a34303a2264313837316364666635323734303433343832313232656538666264316138666635633530346362223b7d),
('c7pas0v3qreqv612n7lh5spitbi70qhl', '::1', 1565143321, 0x5f5f63695f6c6173745f726567656e65726174657c693a313536353134333239333b7573657253657373696f6e7c613a393a7b733a323a226964223b733a313a2231223b733a333a226e6970223b733a31303a2231313337303130303534223b733a31313a22646973706c61794e616d65223b733a31333a2253616e6469204d756c79616469223b733a31343a22646973706c617950696374757265223b4e3b733a353a22656d61696c223b733a32323a2273616e64696d766c7961646940676d61696c2e636f6d223b733a363a226b6f6e74616b223b733a31323a22303837373230363134303030223b733a363a22616c616d6174223b4e3b733a353a226c6576656c223b733a353a2241444d494e223b733a353a22746f6b656e223b733a34303a2264313837316364666635323734303433343832313232656538666264316138666635633530346362223b7d),
('t66me6fciltvk8ufkmbj8244f4ma6eq1', '::1', 1565238529, 0x5f5f63695f6c6173745f726567656e65726174657c693a313536353233383336333b7573657253657373696f6e7c613a393a7b733a323a226964223b733a313a2231223b733a333a226e6970223b733a31303a2231313337303130303534223b733a31313a22646973706c61794e616d65223b733a31333a2253616e6469204d756c79616469223b733a31343a22646973706c617950696374757265223b4e3b733a353a22656d61696c223b733a32323a2273616e64696d766c7961646940676d61696c2e636f6d223b733a363a226b6f6e74616b223b733a31323a22303837373230363134303030223b733a363a22616c616d6174223b4e3b733a353a226c6576656c223b733a353a2241444d494e223b733a353a22746f6b656e223b733a34303a2237653731643035623537323864326265303233383366343661646639613239383133666538353166223b7d),
('7f1208ob7ogi890rbnl3fuvj809pmtlr', '::1', 1565793859, 0x5f5f63695f6c6173745f726567656e65726174657c693a313536353739333735313b7573657253657373696f6e7c613a393a7b733a323a226964223b733a313a2231223b733a333a226e6970223b733a31303a2231313337303130303534223b733a31313a22646973706c61794e616d65223b733a31333a2253616e6469204d756c79616469223b733a31343a22646973706c617950696374757265223b4e3b733a353a22656d61696c223b733a32323a2273616e64696d766c7961646940676d61696c2e636f6d223b733a363a226b6f6e74616b223b733a31323a22303837373230363134303030223b733a363a22616c616d6174223b4e3b733a353a226c6576656c223b733a353a2241444d494e223b733a353a22746f6b656e223b733a34303a2265666332653739313362646463386561633737643539313861626339623161613934333664666237223b7d),
('i7kdpt7plbqckhruf9gs5i9ha10moet3', '::1', 1567301169, 0x5f5f63695f6c6173745f726567656e65726174657c693a313536373330313136393b7573657253657373696f6e7c613a393a7b733a323a226964223b733a313a2231223b733a333a226e6970223b733a31303a2231313337303130303534223b733a31313a22646973706c61794e616d65223b733a31333a2253616e6469204d756c79616469223b733a31343a22646973706c617950696374757265223b4e3b733a353a22656d61696c223b733a32323a2273616e64696d766c7961646940676d61696c2e636f6d223b733a363a226b6f6e74616b223b733a31323a22303837373230363134303030223b733a363a22616c616d6174223b4e3b733a353a226c6576656c223b733a353a2241444d494e223b733a353a22746f6b656e223b733a34303a2264663235616231373433646537343633346163633839393434326236336161363763626536343831223b7d),
('db4mli0ln9sme6erq8g3qf730bmjfap6', '::1', 1567301741, 0x5f5f63695f6c6173745f726567656e65726174657c693a313536373330313734313b7573657253657373696f6e7c613a393a7b733a323a226964223b733a313a2231223b733a333a226e6970223b733a31303a2231313337303130303534223b733a31313a22646973706c61794e616d65223b733a31333a2253616e6469204d756c79616469223b733a31343a22646973706c617950696374757265223b4e3b733a353a22656d61696c223b733a32323a2273616e64696d766c7961646940676d61696c2e636f6d223b733a363a226b6f6e74616b223b733a31323a22303837373230363134303030223b733a363a22616c616d6174223b4e3b733a353a226c6576656c223b733a353a2241444d494e223b733a353a22746f6b656e223b733a34303a2264663235616231373433646537343633346163633839393434326236336161363763626536343831223b7d),
('4icvjb1fhptp0c9bk6frnfminsj34mdt', '::1', 1567302077, 0x5f5f63695f6c6173745f726567656e65726174657c693a313536373330323037373b7573657253657373696f6e7c613a393a7b733a323a226964223b733a313a2231223b733a333a226e6970223b733a31303a2231313337303130303534223b733a31313a22646973706c61794e616d65223b733a31333a2253616e6469204d756c79616469223b733a31343a22646973706c617950696374757265223b4e3b733a353a22656d61696c223b733a32323a2273616e64696d766c7961646940676d61696c2e636f6d223b733a363a226b6f6e74616b223b733a31323a22303837373230363134303030223b733a363a22616c616d6174223b4e3b733a353a226c6576656c223b733a353a2241444d494e223b733a353a22746f6b656e223b733a34303a2264663235616231373433646537343633346163633839393434326236336161363763626536343831223b7d),
('73garbb11d4475ctvp8pjdupq8b04n0b', '::1', 1567303030, 0x5f5f63695f6c6173745f726567656e65726174657c693a313536373330333033303b7573657253657373696f6e7c613a393a7b733a323a226964223b733a313a2231223b733a333a226e6970223b733a31303a2231313337303130303534223b733a31313a22646973706c61794e616d65223b733a31333a2253616e6469204d756c79616469223b733a31343a22646973706c617950696374757265223b4e3b733a353a22656d61696c223b733a32323a2273616e64696d766c7961646940676d61696c2e636f6d223b733a363a226b6f6e74616b223b733a31323a22303837373230363134303030223b733a363a22616c616d6174223b4e3b733a353a226c6576656c223b733a353a2241444d494e223b733a353a22746f6b656e223b733a34303a2264663235616231373433646537343633346163633839393434326236336161363763626536343831223b7d),
('ne9u566qos741l1fq0gd7lvddnsrfeen', '::1', 1567303709, 0x5f5f63695f6c6173745f726567656e65726174657c693a313536373330333730393b7573657253657373696f6e7c613a393a7b733a323a226964223b733a313a2231223b733a333a226e6970223b733a31303a2231313337303130303534223b733a31313a22646973706c61794e616d65223b733a31333a2253616e6469204d756c79616469223b733a31343a22646973706c617950696374757265223b4e3b733a353a22656d61696c223b733a32323a2273616e64696d766c7961646940676d61696c2e636f6d223b733a363a226b6f6e74616b223b733a31323a22303837373230363134303030223b733a363a22616c616d6174223b4e3b733a353a226c6576656c223b733a353a2241444d494e223b733a353a22746f6b656e223b733a34303a2264663235616231373433646537343633346163633839393434326236336161363763626536343831223b7d),
('mu5ogs95to462qt0a1nknbitgh4peosg', '::1', 1567304521, 0x5f5f63695f6c6173745f726567656e65726174657c693a313536373330343532313b7573657253657373696f6e7c613a393a7b733a323a226964223b733a313a2231223b733a333a226e6970223b733a31303a2231313337303130303534223b733a31313a22646973706c61794e616d65223b733a31333a2253616e6469204d756c79616469223b733a31343a22646973706c617950696374757265223b4e3b733a353a22656d61696c223b733a32323a2273616e64696d766c7961646940676d61696c2e636f6d223b733a363a226b6f6e74616b223b733a31323a22303837373230363134303030223b733a363a22616c616d6174223b4e3b733a353a226c6576656c223b733a353a2241444d494e223b733a353a22746f6b656e223b733a34303a2264663235616231373433646537343633346163633839393434326236336161363763626536343831223b7d),
('4m3oalv5gnphl1bp0l492nk8c4c9g4uk', '::1', 1567306348, 0x5f5f63695f6c6173745f726567656e65726174657c693a313536373330363334383b7573657253657373696f6e7c613a393a7b733a323a226964223b733a313a2231223b733a333a226e6970223b733a31303a2231313337303130303534223b733a31313a22646973706c61794e616d65223b733a31333a2253616e6469204d756c79616469223b733a31343a22646973706c617950696374757265223b4e3b733a353a22656d61696c223b733a32323a2273616e64696d766c7961646940676d61696c2e636f6d223b733a363a226b6f6e74616b223b733a31323a22303837373230363134303030223b733a363a22616c616d6174223b4e3b733a353a226c6576656c223b733a353a2241444d494e223b733a353a22746f6b656e223b733a34303a2264663235616231373433646537343633346163633839393434326236336161363763626536343831223b7d),
('dcvagah15ek0klgn390gilnu5keppui9', '::1', 1567307077, 0x5f5f63695f6c6173745f726567656e65726174657c693a313536373330373037373b7573657253657373696f6e7c613a393a7b733a323a226964223b733a313a2231223b733a333a226e6970223b733a31303a2231313337303130303534223b733a31313a22646973706c61794e616d65223b733a31333a2253616e6469204d756c79616469223b733a31343a22646973706c617950696374757265223b4e3b733a353a22656d61696c223b733a32323a2273616e64696d766c7961646940676d61696c2e636f6d223b733a363a226b6f6e74616b223b733a31323a22303837373230363134303030223b733a363a22616c616d6174223b4e3b733a353a226c6576656c223b733a353a2241444d494e223b733a353a22746f6b656e223b733a34303a2264663235616231373433646537343633346163633839393434326236336161363763626536343831223b7d),
('h36jnad7ao54j6a67gm2kc430n126nvq', '::1', 1567307412, 0x5f5f63695f6c6173745f726567656e65726174657c693a313536373330373431323b7573657253657373696f6e7c613a393a7b733a323a226964223b733a313a2231223b733a333a226e6970223b733a31303a2231313337303130303534223b733a31313a22646973706c61794e616d65223b733a31333a2253616e6469204d756c79616469223b733a31343a22646973706c617950696374757265223b4e3b733a353a22656d61696c223b733a32323a2273616e64696d766c7961646940676d61696c2e636f6d223b733a363a226b6f6e74616b223b733a31323a22303837373230363134303030223b733a363a22616c616d6174223b4e3b733a353a226c6576656c223b733a353a2241444d494e223b733a353a22746f6b656e223b733a34303a2264663235616231373433646537343633346163633839393434326236336161363763626536343831223b7d),
('afli8hde4ukr65ddtqel22gr605d7nth', '::1', 1567307950, 0x5f5f63695f6c6173745f726567656e65726174657c693a313536373330373935303b7573657253657373696f6e7c613a393a7b733a323a226964223b733a313a2231223b733a333a226e6970223b733a31303a2231313337303130303534223b733a31313a22646973706c61794e616d65223b733a31333a2253616e6469204d756c79616469223b733a31343a22646973706c617950696374757265223b4e3b733a353a22656d61696c223b733a32323a2273616e64696d766c7961646940676d61696c2e636f6d223b733a363a226b6f6e74616b223b733a31323a22303837373230363134303030223b733a363a22616c616d6174223b4e3b733a353a226c6576656c223b733a353a2241444d494e223b733a353a22746f6b656e223b733a34303a2264663235616231373433646537343633346163633839393434326236336161363763626536343831223b7d),
('qeosk72vo8220hhp6mc7kjm36vt9b23s', '::1', 1567308269, 0x5f5f63695f6c6173745f726567656e65726174657c693a313536373330383236393b7573657253657373696f6e7c613a393a7b733a323a226964223b733a313a2231223b733a333a226e6970223b733a31303a2231313337303130303534223b733a31313a22646973706c61794e616d65223b733a31333a2253616e6469204d756c79616469223b733a31343a22646973706c617950696374757265223b4e3b733a353a22656d61696c223b733a32323a2273616e64696d766c7961646940676d61696c2e636f6d223b733a363a226b6f6e74616b223b733a31323a22303837373230363134303030223b733a363a22616c616d6174223b4e3b733a353a226c6576656c223b733a353a2241444d494e223b733a353a22746f6b656e223b733a34303a2264663235616231373433646537343633346163633839393434326236336161363763626536343831223b7d),
('6f64hk6a39700nlh42tlmppkb9557ojc', '::1', 1567308809, 0x5f5f63695f6c6173745f726567656e65726174657c693a313536373330383830393b7573657253657373696f6e7c613a393a7b733a323a226964223b733a313a2231223b733a333a226e6970223b733a31303a2231313337303130303534223b733a31313a22646973706c61794e616d65223b733a31333a2253616e6469204d756c79616469223b733a31343a22646973706c617950696374757265223b4e3b733a353a22656d61696c223b733a32323a2273616e64696d766c7961646940676d61696c2e636f6d223b733a363a226b6f6e74616b223b733a31323a22303837373230363134303030223b733a363a22616c616d6174223b4e3b733a353a226c6576656c223b733a353a2241444d494e223b733a353a22746f6b656e223b733a34303a2264663235616231373433646537343633346163633839393434326236336161363763626536343831223b7d),
('hf9pno66biq9up9pmrf7u1ihsul42r4d', '::1', 1567309111, 0x5f5f63695f6c6173745f726567656e65726174657c693a313536373330393131313b7573657253657373696f6e7c613a393a7b733a323a226964223b733a313a2231223b733a333a226e6970223b733a31303a2231313337303130303534223b733a31313a22646973706c61794e616d65223b733a31333a2253616e6469204d756c79616469223b733a31343a22646973706c617950696374757265223b4e3b733a353a22656d61696c223b733a32323a2273616e64696d766c7961646940676d61696c2e636f6d223b733a363a226b6f6e74616b223b733a31323a22303837373230363134303030223b733a363a22616c616d6174223b4e3b733a353a226c6576656c223b733a353a2241444d494e223b733a353a22746f6b656e223b733a34303a2264663235616231373433646537343633346163633839393434326236336161363763626536343831223b7d),
('gu23aa4iajqghf9vc1qvu0a5pu98rtjb', '::1', 1567309463, 0x5f5f63695f6c6173745f726567656e65726174657c693a313536373330393436333b7573657253657373696f6e7c613a393a7b733a323a226964223b733a313a2231223b733a333a226e6970223b733a31303a2231313337303130303534223b733a31313a22646973706c61794e616d65223b733a31333a2253616e6469204d756c79616469223b733a31343a22646973706c617950696374757265223b4e3b733a353a22656d61696c223b733a32323a2273616e64696d766c7961646940676d61696c2e636f6d223b733a363a226b6f6e74616b223b733a31323a22303837373230363134303030223b733a363a22616c616d6174223b4e3b733a353a226c6576656c223b733a353a2241444d494e223b733a353a22746f6b656e223b733a34303a2264663235616231373433646537343633346163633839393434326236336161363763626536343831223b7d),
('s70n8gqsv23vobu5tbtt0do2sgj66og5', '::1', 1567309779, 0x5f5f63695f6c6173745f726567656e65726174657c693a313536373330393737393b7573657253657373696f6e7c613a393a7b733a323a226964223b733a313a2231223b733a333a226e6970223b733a31303a2231313337303130303534223b733a31313a22646973706c61794e616d65223b733a31333a2253616e6469204d756c79616469223b733a31343a22646973706c617950696374757265223b4e3b733a353a22656d61696c223b733a32323a2273616e64696d766c7961646940676d61696c2e636f6d223b733a363a226b6f6e74616b223b733a31323a22303837373230363134303030223b733a363a22616c616d6174223b4e3b733a353a226c6576656c223b733a353a2241444d494e223b733a353a22746f6b656e223b733a34303a2264663235616231373433646537343633346163633839393434326236336161363763626536343831223b7d),
('p25lm2nff8pb2mapfc4v88pfblqgi9g2', '::1', 1567310098, 0x5f5f63695f6c6173745f726567656e65726174657c693a313536373331303039383b7573657253657373696f6e7c613a393a7b733a323a226964223b733a313a2231223b733a333a226e6970223b733a31303a2231313337303130303534223b733a31313a22646973706c61794e616d65223b733a31333a2253616e6469204d756c79616469223b733a31343a22646973706c617950696374757265223b4e3b733a353a22656d61696c223b733a32323a2273616e64696d766c7961646940676d61696c2e636f6d223b733a363a226b6f6e74616b223b733a31323a22303837373230363134303030223b733a363a22616c616d6174223b4e3b733a353a226c6576656c223b733a353a2241444d494e223b733a353a22746f6b656e223b733a34303a2264663235616231373433646537343633346163633839393434326236336161363763626536343831223b7d),
('0nepo74j7rbcp6fh6fs49dvg8eqtso9m', '::1', 1567310112, 0x5f5f63695f6c6173745f726567656e65726174657c693a313536373331303039383b7573657253657373696f6e7c613a393a7b733a323a226964223b733a313a2231223b733a333a226e6970223b733a31303a2231313337303130303534223b733a31313a22646973706c61794e616d65223b733a31333a2253616e6469204d756c79616469223b733a31343a22646973706c617950696374757265223b4e3b733a353a22656d61696c223b733a32323a2273616e64696d766c7961646940676d61696c2e636f6d223b733a363a226b6f6e74616b223b733a31323a22303837373230363134303030223b733a363a22616c616d6174223b4e3b733a353a226c6576656c223b733a353a2241444d494e223b733a353a22746f6b656e223b733a34303a2264663235616231373433646537343633346163633839393434326236336161363763626536343831223b7d),
('ipkmu69teg8is6rb50uku36f960jchpe', '127.0.0.1', 1567353777, 0x5f5f63695f6c6173745f726567656e65726174657c693a313536373335333734373b7573657253657373696f6e7c613a393a7b733a323a226964223b733a313a2231223b733a333a226e6970223b733a31303a2231313337303130303534223b733a31313a22646973706c61794e616d65223b733a31333a2253616e6469204d756c79616469223b733a31343a22646973706c617950696374757265223b4e3b733a353a22656d61696c223b733a32323a2273616e64696d766c7961646940676d61696c2e636f6d223b733a363a226b6f6e74616b223b733a31323a22303837373230363134303030223b733a363a22616c616d6174223b4e3b733a353a226c6576656c223b733a353a2241444d494e223b733a353a22746f6b656e223b733a34303a2261616237393636313266366431653237646263663836386435353836363233373034363564306638223b7d);
INSERT INTO `ci_sessions` (`id`, `ip_address`, `timestamp`, `data`) VALUES
('031rpehabjs676u6nnr9ovvoeuf1kr0e', '::1', 1567354201, 0x5f5f63695f6c6173745f726567656e65726174657c693a313536373335343230313b7573657253657373696f6e7c613a393a7b733a323a226964223b733a313a2231223b733a333a226e6970223b733a31303a2231313337303130303534223b733a31313a22646973706c61794e616d65223b733a31333a2253616e6469204d756c79616469223b733a31343a22646973706c617950696374757265223b4e3b733a353a22656d61696c223b733a32323a2273616e64696d766c7961646940676d61696c2e636f6d223b733a363a226b6f6e74616b223b733a31323a22303837373230363134303030223b733a363a22616c616d6174223b4e3b733a353a226c6576656c223b733a353a2241444d494e223b733a353a22746f6b656e223b733a34303a2264336434656265303866353464333035613861613363356631343361346162396636646637626536223b7d),
('um1a280dpckqpank6ktbtt3e42ad3343', '::1', 1567354990, 0x5f5f63695f6c6173745f726567656e65726174657c693a313536373335343939303b7573657253657373696f6e7c613a393a7b733a323a226964223b733a313a2231223b733a333a226e6970223b733a31303a2231313337303130303534223b733a31313a22646973706c61794e616d65223b733a31333a2253616e6469204d756c79616469223b733a31343a22646973706c617950696374757265223b4e3b733a353a22656d61696c223b733a32323a2273616e64696d766c7961646940676d61696c2e636f6d223b733a363a226b6f6e74616b223b733a31323a22303837373230363134303030223b733a363a22616c616d6174223b4e3b733a353a226c6576656c223b733a353a2241444d494e223b733a353a22746f6b656e223b733a34303a2264336434656265303866353464333035613861613363356631343361346162396636646637626536223b7d),
('2r8tsuml8ttte0mei1nga9laqnaulbfq', '::1', 1567355450, 0x5f5f63695f6c6173745f726567656e65726174657c693a313536373335353435303b7573657253657373696f6e7c613a393a7b733a323a226964223b733a313a2231223b733a333a226e6970223b733a31303a2231313337303130303534223b733a31313a22646973706c61794e616d65223b733a31333a2253616e6469204d756c79616469223b733a31343a22646973706c617950696374757265223b4e3b733a353a22656d61696c223b733a32323a2273616e64696d766c7961646940676d61696c2e636f6d223b733a363a226b6f6e74616b223b733a31323a22303837373230363134303030223b733a363a22616c616d6174223b4e3b733a353a226c6576656c223b733a353a2241444d494e223b733a353a22746f6b656e223b733a34303a2264336434656265303866353464333035613861613363356631343361346162396636646637626536223b7d),
('r7nn3i25tvhrekcba8ehhnn6u67v6n6o', '::1', 1567355981, 0x5f5f63695f6c6173745f726567656e65726174657c693a313536373335353938313b7573657253657373696f6e7c613a393a7b733a323a226964223b733a313a2231223b733a333a226e6970223b733a31303a2231313337303130303534223b733a31313a22646973706c61794e616d65223b733a31333a2253616e6469204d756c79616469223b733a31343a22646973706c617950696374757265223b4e3b733a353a22656d61696c223b733a32323a2273616e64696d766c7961646940676d61696c2e636f6d223b733a363a226b6f6e74616b223b733a31323a22303837373230363134303030223b733a363a22616c616d6174223b4e3b733a353a226c6576656c223b733a353a2241444d494e223b733a353a22746f6b656e223b733a34303a2264336434656265303866353464333035613861613363356631343361346162396636646637626536223b7d),
('na17qecgv9s0v54ua99a7vp098lp51jo', '::1', 1567356512, 0x5f5f63695f6c6173745f726567656e65726174657c693a313536373335363531323b7573657253657373696f6e7c613a393a7b733a323a226964223b733a313a2231223b733a333a226e6970223b733a31303a2231313337303130303534223b733a31313a22646973706c61794e616d65223b733a31333a2253616e6469204d756c79616469223b733a31343a22646973706c617950696374757265223b4e3b733a353a22656d61696c223b733a32323a2273616e64696d766c7961646940676d61696c2e636f6d223b733a363a226b6f6e74616b223b733a31323a22303837373230363134303030223b733a363a22616c616d6174223b4e3b733a353a226c6576656c223b733a353a2241444d494e223b733a353a22746f6b656e223b733a34303a2264336434656265303866353464333035613861613363356631343361346162396636646637626536223b7d),
('e53t7m80ms93oibc9je3t2t5np68j3i7', '::1', 1567357032, 0x5f5f63695f6c6173745f726567656e65726174657c693a313536373335373033323b7573657253657373696f6e7c613a393a7b733a323a226964223b733a313a2231223b733a333a226e6970223b733a31303a2231313337303130303534223b733a31313a22646973706c61794e616d65223b733a31333a2253616e6469204d756c79616469223b733a31343a22646973706c617950696374757265223b4e3b733a353a22656d61696c223b733a32323a2273616e64696d766c7961646940676d61696c2e636f6d223b733a363a226b6f6e74616b223b733a31323a22303837373230363134303030223b733a363a22616c616d6174223b4e3b733a353a226c6576656c223b733a353a2241444d494e223b733a353a22746f6b656e223b733a34303a2264336434656265303866353464333035613861613363356631343361346162396636646637626536223b7d),
('t77lpb9g8uvc6in4m97dqs8o86b49rvm', '::1', 1567357558, 0x5f5f63695f6c6173745f726567656e65726174657c693a313536373335373535383b7573657253657373696f6e7c613a393a7b733a323a226964223b733a313a2231223b733a333a226e6970223b733a31303a2231313337303130303534223b733a31313a22646973706c61794e616d65223b733a31333a2253616e6469204d756c79616469223b733a31343a22646973706c617950696374757265223b4e3b733a353a22656d61696c223b733a32323a2273616e64696d766c7961646940676d61696c2e636f6d223b733a363a226b6f6e74616b223b733a31323a22303837373230363134303030223b733a363a22616c616d6174223b4e3b733a353a226c6576656c223b733a353a2241444d494e223b733a353a22746f6b656e223b733a34303a2264336434656265303866353464333035613861613363356631343361346162396636646637626536223b7d),
('j6s7eke1lnikeqvla7f96nv1i4ne4se7', '::1', 1567357863, 0x5f5f63695f6c6173745f726567656e65726174657c693a313536373335373836333b7573657253657373696f6e7c613a393a7b733a323a226964223b733a313a2231223b733a333a226e6970223b733a31303a2231313337303130303534223b733a31313a22646973706c61794e616d65223b733a31333a2253616e6469204d756c79616469223b733a31343a22646973706c617950696374757265223b4e3b733a353a22656d61696c223b733a32323a2273616e64696d766c7961646940676d61696c2e636f6d223b733a363a226b6f6e74616b223b733a31323a22303837373230363134303030223b733a363a22616c616d6174223b4e3b733a353a226c6576656c223b733a353a2241444d494e223b733a353a22746f6b656e223b733a34303a2264336434656265303866353464333035613861613363356631343361346162396636646637626536223b7d),
('8kcqhrp0a4vhqu4to6m1qdfspmf58mij', '::1', 1567358444, 0x5f5f63695f6c6173745f726567656e65726174657c693a313536373335383434343b7573657253657373696f6e7c613a393a7b733a323a226964223b733a313a2232223b733a333a226e6970223b733a31303a2231313337303130303131223b733a31313a22646973706c61794e616d65223b733a31303a22546f6b65204869626572223b733a31343a22646973706c617950696374757265223b733a33363a2264356335656136663964383061383163346264643130666666393564306465342e706e67223b733a353a22656d61696c223b733a31393a22746f6b65686962657240676d61696c2e636f6d223b733a363a226b6f6e74616b223b733a303a22223b733a363a22616c616d6174223b733a303a22223b733a353a226c6576656c223b733a373a2250454741574149223b733a353a22746f6b656e223b733a34303a2261303438356665376230666231356235356566633635633865663437333565353066303230343831223b7d),
('cbsaavsbqg5no01j19en1045h319oma6', '::1', 1567358908, 0x5f5f63695f6c6173745f726567656e65726174657c693a313536373335383930383b7573657253657373696f6e7c613a393a7b733a323a226964223b733a313a2232223b733a333a226e6970223b733a31303a2231313337303130303131223b733a31313a22646973706c61794e616d65223b733a31303a22546f6b65204869626572223b733a31343a22646973706c617950696374757265223b733a33363a2264356335656136663964383061383163346264643130666666393564306465342e706e67223b733a353a22656d61696c223b733a31393a22746f6b65686962657240676d61696c2e636f6d223b733a363a226b6f6e74616b223b733a303a22223b733a363a22616c616d6174223b733a303a22223b733a353a226c6576656c223b733a373a2250454741574149223b733a353a22746f6b656e223b733a34303a2261303438356665376230666231356235356566633635633865663437333565353066303230343831223b7d),
('ke0re9shi6af3uccpd88i79ssbrl4rkf', '::1', 1567363905, 0x5f5f63695f6c6173745f726567656e65726174657c693a313536373336333930353b),
('5rkrmpa6d30m439jq10hus9n1tvvkb9h', '::1', 1567364790, 0x5f5f63695f6c6173745f726567656e65726174657c693a313536373336343739303b7573657253657373696f6e7c613a393a7b733a323a226964223b733a313a2231223b733a333a226e6970223b733a31303a2231313337303130303534223b733a31313a22646973706c61794e616d65223b733a31333a2253616e6469204d756c79616469223b733a31343a22646973706c617950696374757265223b4e3b733a353a22656d61696c223b733a32323a2273616e64696d766c7961646940676d61696c2e636f6d223b733a363a226b6f6e74616b223b733a31323a22303837373230363134303030223b733a363a22616c616d6174223b4e3b733a353a226c6576656c223b733a353a2241444d494e223b733a353a22746f6b656e223b733a34303a2262636431643435343037323535623265343861333965386431356563323339323962623064646234223b7d),
('602gl4l08j5sp5dmrnbacv8kgte3rucd', '::1', 1567368093, 0x5f5f63695f6c6173745f726567656e65726174657c693a313536373336383039333b7573657253657373696f6e7c613a393a7b733a323a226964223b733a313a2231223b733a333a226e6970223b733a31303a2231313337303130303534223b733a31313a22646973706c61794e616d65223b733a31333a2253616e6469204d756c79616469223b733a31343a22646973706c617950696374757265223b4e3b733a353a22656d61696c223b733a32323a2273616e64696d766c7961646940676d61696c2e636f6d223b733a363a226b6f6e74616b223b733a31323a22303837373230363134303030223b733a363a22616c616d6174223b4e3b733a353a226c6576656c223b733a353a2241444d494e223b733a353a22746f6b656e223b733a34303a2262636431643435343037323535623265343861333965386431356563323339323962623064646234223b7d),
('4h6hidloucsl1lnvd2k5qquvs0mhcd88', '::1', 1567368398, 0x5f5f63695f6c6173745f726567656e65726174657c693a313536373336383339383b7573657253657373696f6e7c613a393a7b733a323a226964223b733a313a2231223b733a333a226e6970223b733a31303a2231313337303130303534223b733a31313a22646973706c61794e616d65223b733a31333a2253616e6469204d756c79616469223b733a31343a22646973706c617950696374757265223b4e3b733a353a22656d61696c223b733a32323a2273616e64696d766c7961646940676d61696c2e636f6d223b733a363a226b6f6e74616b223b733a31323a22303837373230363134303030223b733a363a22616c616d6174223b4e3b733a353a226c6576656c223b733a353a2241444d494e223b733a353a22746f6b656e223b733a34303a2262636431643435343037323535623265343861333965386431356563323339323962623064646234223b7d),
('vjplurjvo49v5ccc03iojg7k1hobbung', '::1', 1567368938, 0x5f5f63695f6c6173745f726567656e65726174657c693a313536373336383933383b7573657253657373696f6e7c613a393a7b733a323a226964223b733a313a2231223b733a333a226e6970223b733a31303a2231313337303130303534223b733a31313a22646973706c61794e616d65223b733a31333a2253616e6469204d756c79616469223b733a31343a22646973706c617950696374757265223b4e3b733a353a22656d61696c223b733a32323a2273616e64696d766c7961646940676d61696c2e636f6d223b733a363a226b6f6e74616b223b733a31323a22303837373230363134303030223b733a363a22616c616d6174223b4e3b733a353a226c6576656c223b733a353a2241444d494e223b733a353a22746f6b656e223b733a34303a2262636431643435343037323535623265343861333965386431356563323339323962623064646234223b7d),
('pklhmah6u7nqh88j92cj9ufeqq03je60', '::1', 1567369258, 0x5f5f63695f6c6173745f726567656e65726174657c693a313536373336383933383b7573657253657373696f6e7c613a393a7b733a323a226964223b733a313a2231223b733a333a226e6970223b733a31303a2231313337303130303534223b733a31313a22646973706c61794e616d65223b733a31333a2253616e6469204d756c79616469223b733a31343a22646973706c617950696374757265223b4e3b733a353a22656d61696c223b733a32323a2273616e64696d766c7961646940676d61696c2e636f6d223b733a363a226b6f6e74616b223b733a31323a22303837373230363134303030223b733a363a22616c616d6174223b4e3b733a353a226c6576656c223b733a353a2241444d494e223b733a353a22746f6b656e223b733a34303a2262636431643435343037323535623265343861333965386431356563323339323962623064646234223b7d),
('7a7ic88nclp0c8v03msvtp12foq1qoim', '::1', 1567383751, 0x5f5f63695f6c6173745f726567656e65726174657c693a313536373338333735313b7573657253657373696f6e7c613a393a7b733a323a226964223b733a313a2231223b733a333a226e6970223b733a31303a2231313337303130303534223b733a31313a22646973706c61794e616d65223b733a31333a2253616e6469204d756c79616469223b733a31343a22646973706c617950696374757265223b4e3b733a353a22656d61696c223b733a32323a2273616e64696d766c7961646940676d61696c2e636f6d223b733a363a226b6f6e74616b223b733a31323a22303837373230363134303030223b733a363a22616c616d6174223b4e3b733a353a226c6576656c223b733a353a2241444d494e223b733a353a22746f6b656e223b733a34303a2234383431373363623334663530653335326539383734643436363164613564316530336238643137223b7d),
('ndst7utm05aavhrhggis8p42jochm1ag', '::1', 1567384213, 0x5f5f63695f6c6173745f726567656e65726174657c693a313536373338343231333b7573657253657373696f6e7c613a393a7b733a323a226964223b733a313a2231223b733a333a226e6970223b733a31303a2231313337303130303534223b733a31313a22646973706c61794e616d65223b733a31333a2253616e6469204d756c79616469223b733a31343a22646973706c617950696374757265223b4e3b733a353a22656d61696c223b733a32323a2273616e64696d766c7961646940676d61696c2e636f6d223b733a363a226b6f6e74616b223b733a31323a22303837373230363134303030223b733a363a22616c616d6174223b4e3b733a353a226c6576656c223b733a353a2241444d494e223b733a353a22746f6b656e223b733a34303a2234383431373363623334663530653335326539383734643436363164613564316530336238643137223b7d),
('7gps8tcrr7f5h37umuemq3171u83iic9', '::1', 1567384521, 0x5f5f63695f6c6173745f726567656e65726174657c693a313536373338343532313b7573657253657373696f6e7c613a393a7b733a323a226964223b733a313a2231223b733a333a226e6970223b733a31303a2231313337303130303534223b733a31313a22646973706c61794e616d65223b733a31333a2253616e6469204d756c79616469223b733a31343a22646973706c617950696374757265223b4e3b733a353a22656d61696c223b733a32323a2273616e64696d766c7961646940676d61696c2e636f6d223b733a363a226b6f6e74616b223b733a31323a22303837373230363134303030223b733a363a22616c616d6174223b4e3b733a353a226c6576656c223b733a353a2241444d494e223b733a353a22746f6b656e223b733a34303a2234383431373363623334663530653335326539383734643436363164613564316530336238643137223b7d),
('fmpltl0f9uim99oifo6m5tvk37cndkm7', '::1', 1567384843, 0x5f5f63695f6c6173745f726567656e65726174657c693a313536373338343834333b7573657253657373696f6e7c613a393a7b733a323a226964223b733a313a2231223b733a333a226e6970223b733a31303a2231313337303130303534223b733a31313a22646973706c61794e616d65223b733a31333a2253616e6469204d756c79616469223b733a31343a22646973706c617950696374757265223b4e3b733a353a22656d61696c223b733a32323a2273616e64696d766c7961646940676d61696c2e636f6d223b733a363a226b6f6e74616b223b733a31323a22303837373230363134303030223b733a363a22616c616d6174223b4e3b733a353a226c6576656c223b733a353a2241444d494e223b733a353a22746f6b656e223b733a34303a2234383431373363623334663530653335326539383734643436363164613564316530336238643137223b7d),
('s021vsn98mun8r1p3c8jbgbjhao27gqh', '::1', 1567385381, 0x5f5f63695f6c6173745f726567656e65726174657c693a313536373338353338313b7573657253657373696f6e7c613a393a7b733a323a226964223b733a313a2231223b733a333a226e6970223b733a31303a2231313337303130303534223b733a31313a22646973706c61794e616d65223b733a31333a2253616e6469204d756c79616469223b733a31343a22646973706c617950696374757265223b4e3b733a353a22656d61696c223b733a32323a2273616e64696d766c7961646940676d61696c2e636f6d223b733a363a226b6f6e74616b223b733a31323a22303837373230363134303030223b733a363a22616c616d6174223b4e3b733a353a226c6576656c223b733a353a2241444d494e223b733a353a22746f6b656e223b733a34303a2234383431373363623334663530653335326539383734643436363164613564316530336238643137223b7d),
('p814avje6b3hsrgg9bgllq3576ogm0rl', '::1', 1567385699, 0x5f5f63695f6c6173745f726567656e65726174657c693a313536373338353639393b7573657253657373696f6e7c613a393a7b733a323a226964223b733a313a2231223b733a333a226e6970223b733a31303a2231313337303130303534223b733a31313a22646973706c61794e616d65223b733a31333a2253616e6469204d756c79616469223b733a31343a22646973706c617950696374757265223b4e3b733a353a22656d61696c223b733a32323a2273616e64696d766c7961646940676d61696c2e636f6d223b733a363a226b6f6e74616b223b733a31323a22303837373230363134303030223b733a363a22616c616d6174223b4e3b733a353a226c6576656c223b733a353a2241444d494e223b733a353a22746f6b656e223b733a34303a2234383431373363623334663530653335326539383734643436363164613564316530336238643137223b7d),
('umvlam3o17ec4jmepv4g6dfpb993o81r', '::1', 1567386104, 0x5f5f63695f6c6173745f726567656e65726174657c693a313536373338363130343b7573657253657373696f6e7c613a393a7b733a323a226964223b733a313a2231223b733a333a226e6970223b733a31303a2231313337303130303534223b733a31313a22646973706c61794e616d65223b733a31333a2253616e6469204d756c79616469223b733a31343a22646973706c617950696374757265223b4e3b733a353a22656d61696c223b733a32323a2273616e64696d766c7961646940676d61696c2e636f6d223b733a363a226b6f6e74616b223b733a31323a22303837373230363134303030223b733a363a22616c616d6174223b4e3b733a353a226c6576656c223b733a353a2241444d494e223b733a353a22746f6b656e223b733a34303a2234383431373363623334663530653335326539383734643436363164613564316530336238643137223b7d),
('493d1ajtnj842idgt53isfjhiblmc9md', '::1', 1567386423, 0x5f5f63695f6c6173745f726567656e65726174657c693a313536373338363432333b7573657253657373696f6e7c613a393a7b733a323a226964223b733a313a2231223b733a333a226e6970223b733a31303a2231313337303130303534223b733a31313a22646973706c61794e616d65223b733a31333a2253616e6469204d756c79616469223b733a31343a22646973706c617950696374757265223b4e3b733a353a22656d61696c223b733a32323a2273616e64696d766c7961646940676d61696c2e636f6d223b733a363a226b6f6e74616b223b733a31323a22303837373230363134303030223b733a363a22616c616d6174223b4e3b733a353a226c6576656c223b733a353a2241444d494e223b733a353a22746f6b656e223b733a34303a2234383431373363623334663530653335326539383734643436363164613564316530336238643137223b7d),
('q1qrfpqpeevdl7abjcrjkfm9tm6pq9h8', '::1', 1567387074, 0x5f5f63695f6c6173745f726567656e65726174657c693a313536373338373037343b7573657253657373696f6e7c613a393a7b733a323a226964223b733a313a2231223b733a333a226e6970223b733a31303a2231313337303130303534223b733a31313a22646973706c61794e616d65223b733a31333a2253616e6469204d756c79616469223b733a31343a22646973706c617950696374757265223b4e3b733a353a22656d61696c223b733a32323a2273616e64696d766c7961646940676d61696c2e636f6d223b733a363a226b6f6e74616b223b733a31323a22303837373230363134303030223b733a363a22616c616d6174223b4e3b733a353a226c6576656c223b733a353a2241444d494e223b733a353a22746f6b656e223b733a34303a2234383431373363623334663530653335326539383734643436363164613564316530336238643137223b7d),
('7p0amg0njctoucpotpc71n1ijreo69dg', '::1', 1567387388, 0x5f5f63695f6c6173745f726567656e65726174657c693a313536373338373338383b7573657253657373696f6e7c613a393a7b733a323a226964223b733a313a2231223b733a333a226e6970223b733a31303a2231313337303130303534223b733a31313a22646973706c61794e616d65223b733a31333a2253616e6469204d756c79616469223b733a31343a22646973706c617950696374757265223b4e3b733a353a22656d61696c223b733a32323a2273616e64696d766c7961646940676d61696c2e636f6d223b733a363a226b6f6e74616b223b733a31323a22303837373230363134303030223b733a363a22616c616d6174223b4e3b733a353a226c6576656c223b733a353a2241444d494e223b733a353a22746f6b656e223b733a34303a2234383431373363623334663530653335326539383734643436363164613564316530336238643137223b7d),
('3d459gqj1aki4uqfscupdp84n45a86is', '::1', 1567387608, 0x5f5f63695f6c6173745f726567656e65726174657c693a313536373338373338383b7573657253657373696f6e7c613a393a7b733a323a226964223b733a313a2231223b733a333a226e6970223b733a31303a2231313337303130303534223b733a31313a22646973706c61794e616d65223b733a31333a2253616e6469204d756c79616469223b733a31343a22646973706c617950696374757265223b4e3b733a353a22656d61696c223b733a32323a2273616e64696d766c7961646940676d61696c2e636f6d223b733a363a226b6f6e74616b223b733a31323a22303837373230363134303030223b733a363a22616c616d6174223b4e3b733a353a226c6576656c223b733a353a2241444d494e223b733a353a22746f6b656e223b733a34303a2234383431373363623334663530653335326539383734643436363164613564316530336238643137223b7d),
('5akkiel224d4p3cp1roai0pcdc1t8aja', '127.0.0.1', 1567566197, 0x5f5f63695f6c6173745f726567656e65726174657c693a313536373536363139373b),
('igs4fbi16ccbi9q19glv344d6filhhqb', '::1', 1567586697, 0x5f5f63695f6c6173745f726567656e65726174657c693a313536373538363639373b7573657253657373696f6e7c613a393a7b733a323a226964223b733a313a2231223b733a333a226e6970223b733a31303a2231313337303130303534223b733a31313a22646973706c61794e616d65223b733a31333a2253616e6469204d756c79616469223b733a31343a22646973706c617950696374757265223b4e3b733a353a22656d61696c223b733a32323a2273616e64696d766c7961646940676d61696c2e636f6d223b733a363a226b6f6e74616b223b733a31323a22303837373230363134303030223b733a363a22616c616d6174223b4e3b733a353a226c6576656c223b733a353a2241444d494e223b733a353a22746f6b656e223b733a34303a2263613361306238663937366165663333343933313466643863613539323438313134613161333931223b7d),
('8ma7ifahnhrur5n4cqusvrgt214pgrgf', '::1', 1567586697, 0x5f5f63695f6c6173745f726567656e65726174657c693a313536373538363639373b7573657253657373696f6e7c613a393a7b733a323a226964223b733a313a2231223b733a333a226e6970223b733a31303a2231313337303130303534223b733a31313a22646973706c61794e616d65223b733a31333a2253616e6469204d756c79616469223b733a31343a22646973706c617950696374757265223b4e3b733a353a22656d61696c223b733a32323a2273616e64696d766c7961646940676d61696c2e636f6d223b733a363a226b6f6e74616b223b733a31323a22303837373230363134303030223b733a363a22616c616d6174223b4e3b733a353a226c6576656c223b733a353a2241444d494e223b733a353a22746f6b656e223b733a34303a2263613361306238663937366165663333343933313466643863613539323438313134613161333931223b7d),
('betpk0f52hqh6n89ojcf3gr42l5us2kf', '::1', 1569777362, 0x5f5f63695f6c6173745f726567656e65726174657c693a313536393737373330303b7573657253657373696f6e7c613a393a7b733a323a226964223b733a313a2231223b733a333a226e6970223b733a31303a2231313337303130303534223b733a31313a22646973706c61794e616d65223b733a31333a2253616e6469204d756c79616469223b733a31343a22646973706c617950696374757265223b4e3b733a353a22656d61696c223b733a32323a2273616e64696d766c7961646940676d61696c2e636f6d223b733a363a226b6f6e74616b223b733a31323a22303837373230363134303030223b733a363a22616c616d6174223b4e3b733a353a226c6576656c223b733a353a2241444d494e223b733a353a22746f6b656e223b733a34303a2237633636326438343831303364376332346634613935623763366230653031353036396365313033223b7d);

-- --------------------------------------------------------

--
-- Table structure for table `jenis_surat`
--

CREATE TABLE `jenis_surat` (
  `id` int(11) NOT NULL,
  `created_at` datetime DEFAULT NULL,
  `modified_at` datetime DEFAULT NULL,
  `deleted_at` datetime DEFAULT NULL,
  `nama` varchar(32) COLLATE utf8_unicode_ci NOT NULL,
  `keterangan` text COLLATE utf8_unicode_ci
) ENGINE=InnoDB DEFAULT CHARSET=utf8 COLLATE=utf8_unicode_ci;

--
-- Dumping data for table `jenis_surat`
--

INSERT INTO `jenis_surat` (`id`, `created_at`, `modified_at`, `deleted_at`, `nama`, `keterangan`) VALUES
(1, '2019-07-08 19:11:07', '2019-07-08 19:13:03', NULL, 'Surat Keputusan (SK)', ''),
(2, '2019-07-08 19:13:37', '2019-07-08 19:39:30', NULL, 'Surat Perintah (SP)', ''),
(3, '2019-07-08 19:14:08', NULL, NULL, 'Nota Dinas', ''),
(4, '2019-07-12 18:28:42', '2019-07-12 18:40:59', NULL, 'Pengadaan Barang dan Jasa', '');

-- --------------------------------------------------------

--
-- Table structure for table `level_pengguna`
--

CREATE TABLE `level_pengguna` (
  `id` int(11) NOT NULL,
  `created_at` datetime DEFAULT NULL,
  `modified_at` datetime DEFAULT NULL,
  `deleted_at` datetime DEFAULT NULL,
  `nama` varchar(16) COLLATE utf8_unicode_ci NOT NULL,
  `keterangan` text COLLATE utf8_unicode_ci
) ENGINE=InnoDB DEFAULT CHARSET=utf8 COLLATE=utf8_unicode_ci;

--
-- Dumping data for table `level_pengguna`
--

INSERT INTO `level_pengguna` (`id`, `created_at`, `modified_at`, `deleted_at`, `nama`, `keterangan`) VALUES
(1, NULL, '2019-07-08 21:47:31', NULL, 'ADMIN', ''),
(2, NULL, NULL, NULL, 'PEGAWAI', NULL);

-- --------------------------------------------------------

--
-- Table structure for table `nomor_surat`
--

CREATE TABLE `nomor_surat` (
  `id` int(11) NOT NULL,
  `created_at` datetime DEFAULT NULL,
  `modified_at` datetime DEFAULT NULL,
  `deleted_at` datetime DEFAULT NULL,
  `id_jenis_surat` int(11) NOT NULL,
  `id_bagian_surat` int(11) NOT NULL,
  `id_ujung_surat` int(11) NOT NULL,
  `nomor` text COLLATE utf8_unicode_ci NOT NULL,
  `tujuan` text COLLATE utf8_unicode_ci NOT NULL,
  `perihal` text COLLATE utf8_unicode_ci,
  `tanggal` date NOT NULL,
  `file_upload` varchar(64) COLLATE utf8_unicode_ci DEFAULT NULL,
  `keterangan` text COLLATE utf8_unicode_ci,
  `id_pengguna` int(11) NOT NULL
) ENGINE=InnoDB DEFAULT CHARSET=utf8 COLLATE=utf8_unicode_ci;

--
-- Dumping data for table `nomor_surat`
--

INSERT INTO `nomor_surat` (`id`, `created_at`, `modified_at`, `deleted_at`, `id_jenis_surat`, `id_bagian_surat`, `id_ujung_surat`, `nomor`, `tujuan`, `perihal`, `tanggal`, `file_upload`, `keterangan`, `id_pengguna`) VALUES
(1, '2019-09-02 03:16:59', '2019-09-02 03:18:17', NULL, 2, 133, 1, '001/001/RSJ', 'Rapat', '', '2019-09-01', NULL, '', 1),
(2, '2019-09-02 03:18:02', NULL, NULL, 2, 133, 1, '001/002/RSJ', 'Rakor', '', '2019-09-01', NULL, '', 1),
(3, '2019-09-02 03:20:30', '2019-09-02 03:20:58', NULL, 2, 133, 1, '001/008/RSJ', 'Agenda Tahun Baru Islam', '', '2019-09-02', NULL, '', 1),
(4, '2019-09-02 07:25:01', NULL, NULL, 1, 133, 1, '001/001/RSJ', 'Rakornas', '', '2019-09-01', NULL, 'Rapat Tahunan', 1);

-- --------------------------------------------------------

--
-- Table structure for table `pengguna`
--

CREATE TABLE `pengguna` (
  `id` int(11) NOT NULL,
  `created_at` datetime DEFAULT NULL,
  `modified_at` datetime DEFAULT NULL,
  `deleted_at` datetime DEFAULT NULL,
  `nip` varchar(32) COLLATE utf8_unicode_ci NOT NULL,
  `password` varchar(32) COLLATE utf8_unicode_ci NOT NULL,
  `display_name` varchar(64) COLLATE utf8_unicode_ci NOT NULL,
  `display_picture` text COLLATE utf8_unicode_ci,
  `email` varchar(64) COLLATE utf8_unicode_ci DEFAULT NULL,
  `kontak` varchar(16) COLLATE utf8_unicode_ci DEFAULT NULL,
  `alamat` text COLLATE utf8_unicode_ci,
  `id_level_pengguna` int(11) NOT NULL,
  `id_bagian_pengguna` int(11) NOT NULL DEFAULT '0'
) ENGINE=InnoDB DEFAULT CHARSET=utf8 COLLATE=utf8_unicode_ci;

--
-- Dumping data for table `pengguna`
--

INSERT INTO `pengguna` (`id`, `created_at`, `modified_at`, `deleted_at`, `nip`, `password`, `display_name`, `display_picture`, `email`, `kontak`, `alamat`, `id_level_pengguna`, `id_bagian_pengguna`) VALUES
(1, NULL, NULL, NULL, '1137010054', '6ace428f372dd08866196cf003e8b445', 'Sandi Mulyadi', NULL, 'sandimvlyadi@gmail.com', '087720614000', NULL, 1, 0),
(2, '2019-07-08 22:44:43', NULL, NULL, '1137010011', '912ec803b2ce49e4a541068d495ab570', 'Toke Hiber', 'd5c5ea6f9d80a81c4bdd10fff95d0de4.png', 'tokehiber@gmail.com', '', '', 2, 0);

-- --------------------------------------------------------

--
-- Table structure for table `registrasi_pengguna`
--

CREATE TABLE `registrasi_pengguna` (
  `id` int(11) NOT NULL,
  `created_at` datetime DEFAULT NULL,
  `modified_at` datetime DEFAULT NULL,
  `deleted_at` datetime DEFAULT NULL,
  `nip` varchar(32) COLLATE utf8_unicode_ci NOT NULL,
  `password` varchar(32) COLLATE utf8_unicode_ci NOT NULL,
  `email` varchar(64) COLLATE utf8_unicode_ci DEFAULT NULL
) ENGINE=InnoDB DEFAULT CHARSET=utf8 COLLATE=utf8_unicode_ci;

-- --------------------------------------------------------

--
-- Table structure for table `role`
--

CREATE TABLE `role` (
  `id` int(11) NOT NULL,
  `created_at` datetime DEFAULT NULL,
  `modified_at` datetime DEFAULT NULL,
  `deleted_at` datetime DEFAULT NULL,
  `nama` varchar(64) COLLATE utf8_unicode_ci NOT NULL,
  `keterangan` text COLLATE utf8_unicode_ci,
  `id_level_pengguna` int(11) NOT NULL
) ENGINE=InnoDB DEFAULT CHARSET=utf8 COLLATE=utf8_unicode_ci;

--
-- Dumping data for table `role`
--

INSERT INTO `role` (`id`, `created_at`, `modified_at`, `deleted_at`, `nama`, `keterangan`, `id_level_pengguna`) VALUES
(1, NULL, NULL, NULL, 'bagian_barjas', NULL, 1),
(2, NULL, NULL, NULL, 'bagian_nota', NULL, 1),
(3, NULL, NULL, NULL, 'bagian_sk', NULL, 1),
(4, NULL, NULL, NULL, 'bagian_sp', NULL, 1),
(5, NULL, NULL, NULL, 'jenis_surat', NULL, 1),
(6, NULL, NULL, NULL, 'level_pengguna', NULL, 1),
(7, NULL, NULL, NULL, 'nomor_barjas', NULL, 1),
(8, NULL, NULL, NULL, 'nomor_nota', NULL, 1),
(9, NULL, NULL, NULL, 'nomor_sk', NULL, 1),
(10, NULL, NULL, NULL, 'nomor_sp', NULL, 1),
(11, NULL, NULL, NULL, 'nomor_surat', NULL, 1),
(12, NULL, NULL, NULL, 'pengguna', NULL, 1),
(13, NULL, NULL, NULL, 'registrasi_pengguna', NULL, 1),
(14, NULL, NULL, NULL, 'session_log', NULL, 1),
(15, NULL, NULL, NULL, 'ujung_surat', NULL, 1),
(16, NULL, NULL, NULL, 'nomor_barjas', NULL, 2),
(17, NULL, NULL, NULL, 'nomor_nota', NULL, 2),
(18, NULL, NULL, NULL, 'nomor_sk', NULL, 2),
(19, NULL, NULL, NULL, 'nomor_sp', NULL, 2),
(20, NULL, NULL, NULL, 'bagian_pengguna', NULL, 1),
(21, NULL, NULL, NULL, 'bagian_surat', NULL, 1),
(22, NULL, NULL, NULL, 'setting', NULL, 1),
(23, NULL, NULL, NULL, 'cetak_laporan', NULL, 1),
(24, NULL, NULL, NULL, 'cetak_laporan', NULL, 2);

-- --------------------------------------------------------

--
-- Table structure for table `session_log`
--

CREATE TABLE `session_log` (
  `id` int(11) NOT NULL,
  `created_at` datetime DEFAULT NULL,
  `modified_at` datetime DEFAULT NULL,
  `deleted_at` datetime DEFAULT NULL,
  `id_pengguna` int(11) NOT NULL,
  `token` varchar(64) COLLATE utf8_unicode_ci NOT NULL
) ENGINE=InnoDB DEFAULT CHARSET=utf8 COLLATE=utf8_unicode_ci;

--
-- Dumping data for table `session_log`
--

INSERT INTO `session_log` (`id`, `created_at`, `modified_at`, `deleted_at`, `id_pengguna`, `token`) VALUES
(1, '2019-07-08 15:43:23', NULL, '2019-07-08 22:03:37', 1, '242d347dd8353baab66f56f6f9cd8549b331317a'),
(2, '2019-07-08 15:43:37', NULL, NULL, 1, '3eaffce86896104afe866b89405ae8fe391409a2'),
(3, '2019-07-08 22:36:09', NULL, NULL, 2, '4e866c06a1f26c9de8570139e822258709399d7f'),
(4, '2019-07-08 22:37:45', NULL, NULL, 2, '788eaa8bf165637d993d6b94e476e3884098e728'),
(5, '2019-07-08 22:38:07', NULL, NULL, 1, '2bc53f4e20729e222baa11a87958b2a54b09bf90'),
(6, '2019-07-08 22:41:28', NULL, NULL, 1, 'e1400167e8b88d8bc6e156caa77e0aab629d2f44'),
(7, '2019-07-08 22:42:04', NULL, NULL, 1, '9cd6660304466fee6b6512d6340f67e68a1eeda6'),
(8, '2019-07-08 22:43:16', NULL, NULL, 1, 'f712f1ab3520834e893401673375f01dcf444646'),
(9, '2019-07-08 22:50:53', NULL, NULL, 2, '1c409c72e50172d6965f1f95b8d23d53e18fa6c9'),
(10, '2019-07-08 22:51:27', NULL, NULL, 2, '6c7a0907a953a7eea27d78be4ee8fab9154f8386'),
(11, '2019-07-08 22:51:36', NULL, NULL, 1, '5111efd8aa9862c28ca706f737e788762e6213ad'),
(12, '2019-07-08 22:59:52', NULL, NULL, 1, '796b5d59059bd071a6457f7c21b6e7daa26b7ff9'),
(13, '2019-07-08 23:09:39', NULL, NULL, 1, '6101df71120af0cc8b9a6b6e20ffd1cdd0b7f623'),
(14, '2019-07-09 06:11:12', NULL, NULL, 1, '12b8e7188a5cf77abecd941f396ba0c7a8c2ea9c'),
(15, '2019-07-09 08:40:52', NULL, NULL, 1, 'e09dbd8d6353ee77dc7445a0c40fbf2e29f81161'),
(16, '2019-07-09 09:09:09', NULL, NULL, 1, 'd69c2f43bbbc77b1244ebdc46f766126c7b07f13'),
(17, '2019-07-09 09:25:10', NULL, NULL, 1, 'fa58aee0fd5f2d48709c3247612c590f19430690'),
(18, '2019-07-12 18:26:18', NULL, NULL, 1, 'b7d9ee7f44b202301a6c7c360e7dc7e63bf4661e'),
(19, '2019-07-13 07:15:11', NULL, NULL, 1, '4c906a1c357c509b5feb68be81d4d97399765bb1'),
(20, '2019-07-13 16:54:06', NULL, NULL, 2, '384f3a23b1a4276adedff7dc2ebc7dff1dd5e59e'),
(21, '2019-07-13 17:03:25', NULL, NULL, 1, '9edd9497068d6eb9380e7efee2c44bf8bf31d009'),
(22, '2019-07-13 17:13:42', NULL, NULL, 2, 'c307356611f87321f33ae4b09dc030ceaf786bfd'),
(23, '2019-07-13 17:25:51', NULL, NULL, 1, '633de0cfdda94e4a68720e689eb26cb5673c59b6'),
(24, '2019-07-15 08:20:34', NULL, NULL, 1, 'f2fe18c640326089adc5eb381b7d52bc326695e6'),
(25, '2019-07-15 10:31:59', NULL, NULL, 1, 'de3d19bb22459be603808c0d302d46fdd96f4f36'),
(26, '2019-07-28 21:53:24', NULL, NULL, 1, '1ae7068cc73179c56505d4d039c66a0010416a55'),
(27, '2019-07-28 21:54:01', NULL, NULL, 1, 'a08378dc26c8e75ff0cc4bd93d529371fac8a4ba'),
(28, '2019-08-06 20:26:34', NULL, NULL, 1, '32320a4658f6c0742b214f60f9e16d381a2ff6d6'),
(29, '2019-08-06 20:47:56', NULL, NULL, 2, '4025206436170548559127140ce4ed1222b881de'),
(30, '2019-08-06 20:49:21', NULL, NULL, 2, 'ab2d64b4294699dc6ef079e0397c77f5439f06b7'),
(31, '2019-08-07 07:54:38', NULL, NULL, 1, 'd1871cdff5274043482122ee8fbd1a8ff5c504cb'),
(32, '2019-08-08 11:26:14', NULL, NULL, 1, '7e71d05b5728d2be02383f46adf9a29813fe851f'),
(33, '2019-08-14 21:42:37', NULL, NULL, 1, 'efc2e7913bddc8eac77d5918abc9b1aa9436dfb7'),
(34, '2019-09-01 08:21:16', NULL, NULL, 1, 'df25ab1743de74634acc899442b63aa67cbe6481'),
(35, '2019-09-01 23:02:39', NULL, NULL, 1, 'aab796612f6d1e27dbcf868d558662370465d0f8'),
(36, '2019-09-01 23:03:30', NULL, NULL, 1, 'd3d4ebe08f54d305a8aa3c5f143a4ab9f6df7be6'),
(37, '2019-09-02 00:14:29', NULL, NULL, 2, 'a0485fe7b0fb15b55efc65c8ef4735e50f020481'),
(38, '2019-09-02 00:28:56', NULL, NULL, 1, '79c2be5b7f54b7262234887a3aa840856bb7d99a'),
(39, '2019-09-02 00:32:20', NULL, NULL, 1, 'ef4fafd08016d19d72503576fb7f4dd425cacf48'),
(40, '2019-09-02 01:51:50', NULL, NULL, 1, 'bcd1d45407255b2e48a39e8d15ec23929bb0ddb4'),
(41, '2019-09-02 07:16:53', NULL, NULL, 1, '484173cb34f50e352e9874d4661da5d1e03b8d17'),
(42, '2019-09-04 15:38:31', NULL, NULL, 1, 'ca3a0b8f976aef3349314fd8ca59248114a1a391'),
(43, '2019-09-30 00:15:06', NULL, NULL, 1, '7c662d848103d7c24f4a95b7c6b0e015069ce103');

-- --------------------------------------------------------

--
-- Table structure for table `setting`
--

CREATE TABLE `setting` (
  `id` int(11) NOT NULL,
  `created_at` datetime DEFAULT NULL,
  `modified_at` datetime DEFAULT NULL,
  `deleted_at` datetime DEFAULT NULL,
  `nama` varchar(64) COLLATE utf8_unicode_ci NOT NULL,
  `nilai` varchar(64) COLLATE utf8_unicode_ci NOT NULL
) ENGINE=InnoDB DEFAULT CHARSET=utf8 COLLATE=utf8_unicode_ci;

--
-- Dumping data for table `setting`
--

INSERT INTO `setting` (`id`, `created_at`, `modified_at`, `deleted_at`, `nama`, `nilai`) VALUES
(1, NULL, NULL, NULL, 'nomor_mundur', '5'),
(2, NULL, NULL, NULL, 'nomor_sppd', '5');

-- --------------------------------------------------------

--
-- Table structure for table `surat_perintah_detail`
--

CREATE TABLE `surat_perintah_detail` (
  `id` int(11) NOT NULL,
  `id_nomor_surat` int(11) NOT NULL,
  `tempat` varchar(128) COLLATE utf8_unicode_ci DEFAULT NULL,
  `tanggal_sppd` date DEFAULT NULL,
  `nomor_sppd` varchar(32) COLLATE utf8_unicode_ci DEFAULT NULL,
  `id_petugas` int(11) NOT NULL
) ENGINE=InnoDB DEFAULT CHARSET=utf8 COLLATE=utf8_unicode_ci;

--
-- Dumping data for table `surat_perintah_detail`
--

INSERT INTO `surat_perintah_detail` (`id`, `id_nomor_surat`, `tempat`, `tanggal_sppd`, `nomor_sppd`, `id_petugas`) VALUES
(1, 1, 'Hotel Puri Dago', '2019-09-01', '1', 2),
(3, 2, '', '2019-09-02', '3', 2),
(4, 3, 'Ruang rapat utama RSJ', '2019-09-02', '4', 1),
(5, 3, 'Ruang rapat utama RSJ', '2019-09-02', '5', 2);

-- --------------------------------------------------------

--
-- Table structure for table `ujung_surat`
--

CREATE TABLE `ujung_surat` (
  `id` int(11) NOT NULL,
  `created_at` datetime DEFAULT NULL,
  `modified_at` datetime DEFAULT NULL,
  `deleted_at` datetime DEFAULT NULL,
  `nama` varchar(16) COLLATE utf8_unicode_ci NOT NULL,
  `keterangan` text COLLATE utf8_unicode_ci
) ENGINE=InnoDB DEFAULT CHARSET=utf8 COLLATE=utf8_unicode_ci;

--
-- Dumping data for table `ujung_surat`
--

INSERT INTO `ujung_surat` (`id`, `created_at`, `modified_at`, `deleted_at`, `nama`, `keterangan`) VALUES
(1, '2019-07-08 19:18:34', '2019-07-08 19:18:44', NULL, 'RSJ', ''),
(2, '2019-07-08 19:18:53', NULL, NULL, 'UMUM', ''),
(3, '2019-07-08 19:18:59', NULL, NULL, 'KEPEG', ''),
(4, '2019-07-08 19:19:20', NULL, '2019-07-08 19:19:24', 'ASDF', '');

--
-- Indexes for dumped tables
--

--
-- Indexes for table `bagian_pengguna`
--
ALTER TABLE `bagian_pengguna`
  ADD PRIMARY KEY (`id`);

--
-- Indexes for table `bagian_surat`
--
ALTER TABLE `bagian_surat`
  ADD PRIMARY KEY (`id`);

--
-- Indexes for table `ci_sessions`
--
ALTER TABLE `ci_sessions`
  ADD KEY `ci_sessions_timestamp` (`timestamp`);

--
-- Indexes for table `jenis_surat`
--
ALTER TABLE `jenis_surat`
  ADD PRIMARY KEY (`id`);

--
-- Indexes for table `level_pengguna`
--
ALTER TABLE `level_pengguna`
  ADD PRIMARY KEY (`id`);

--
-- Indexes for table `nomor_surat`
--
ALTER TABLE `nomor_surat`
  ADD PRIMARY KEY (`id`);

--
-- Indexes for table `pengguna`
--
ALTER TABLE `pengguna`
  ADD PRIMARY KEY (`id`);

--
-- Indexes for table `registrasi_pengguna`
--
ALTER TABLE `registrasi_pengguna`
  ADD PRIMARY KEY (`id`);

--
-- Indexes for table `role`
--
ALTER TABLE `role`
  ADD PRIMARY KEY (`id`);

--
-- Indexes for table `session_log`
--
ALTER TABLE `session_log`
  ADD PRIMARY KEY (`id`);

--
-- Indexes for table `setting`
--
ALTER TABLE `setting`
  ADD PRIMARY KEY (`id`);

--
-- Indexes for table `surat_perintah_detail`
--
ALTER TABLE `surat_perintah_detail`
  ADD PRIMARY KEY (`id`);

--
-- Indexes for table `ujung_surat`
--
ALTER TABLE `ujung_surat`
  ADD PRIMARY KEY (`id`);

--
-- AUTO_INCREMENT for dumped tables
--

--
-- AUTO_INCREMENT for table `bagian_pengguna`
--
ALTER TABLE `bagian_pengguna`
  MODIFY `id` int(11) NOT NULL AUTO_INCREMENT, AUTO_INCREMENT=3;
--
-- AUTO_INCREMENT for table `bagian_surat`
--
ALTER TABLE `bagian_surat`
  MODIFY `id` int(11) NOT NULL AUTO_INCREMENT, AUTO_INCREMENT=136;
--
-- AUTO_INCREMENT for table `jenis_surat`
--
ALTER TABLE `jenis_surat`
  MODIFY `id` int(11) NOT NULL AUTO_INCREMENT, AUTO_INCREMENT=5;
--
-- AUTO_INCREMENT for table `level_pengguna`
--
ALTER TABLE `level_pengguna`
  MODIFY `id` int(11) NOT NULL AUTO_INCREMENT, AUTO_INCREMENT=3;
--
-- AUTO_INCREMENT for table `nomor_surat`
--
ALTER TABLE `nomor_surat`
  MODIFY `id` int(11) NOT NULL AUTO_INCREMENT, AUTO_INCREMENT=5;
--
-- AUTO_INCREMENT for table `pengguna`
--
ALTER TABLE `pengguna`
  MODIFY `id` int(11) NOT NULL AUTO_INCREMENT, AUTO_INCREMENT=3;
--
-- AUTO_INCREMENT for table `registrasi_pengguna`
--
ALTER TABLE `registrasi_pengguna`
  MODIFY `id` int(11) NOT NULL AUTO_INCREMENT;
--
-- AUTO_INCREMENT for table `role`
--
ALTER TABLE `role`
  MODIFY `id` int(11) NOT NULL AUTO_INCREMENT, AUTO_INCREMENT=25;
--
-- AUTO_INCREMENT for table `session_log`
--
ALTER TABLE `session_log`
  MODIFY `id` int(11) NOT NULL AUTO_INCREMENT, AUTO_INCREMENT=44;
--
-- AUTO_INCREMENT for table `setting`
--
ALTER TABLE `setting`
  MODIFY `id` int(11) NOT NULL AUTO_INCREMENT, AUTO_INCREMENT=3;
--
-- AUTO_INCREMENT for table `surat_perintah_detail`
--
ALTER TABLE `surat_perintah_detail`
  MODIFY `id` int(11) NOT NULL AUTO_INCREMENT, AUTO_INCREMENT=6;
--
-- AUTO_INCREMENT for table `ujung_surat`
--
ALTER TABLE `ujung_surat`
  MODIFY `id` int(11) NOT NULL AUTO_INCREMENT, AUTO_INCREMENT=5;
/*!40101 SET CHARACTER_SET_CLIENT=@OLD_CHARACTER_SET_CLIENT */;
/*!40101 SET CHARACTER_SET_RESULTS=@OLD_CHARACTER_SET_RESULTS */;
/*!40101 SET COLLATION_CONNECTION=@OLD_COLLATION_CONNECTION */;
